,product_name,Product_Number,Bluetooth,Main Camera Resolution,Internal Memory,Processor,Battery Capacity,Display Resolution,Display Size (inch),Network,Weight (g),Processor,Dimensions,RAM,Talk Time,image
0,267416,Huawei nova 2i,4.2 BLE,16MP + 2MP Dual Camera,64GB,HUAWEI Kirin 659 Octa-core processor (4*Cortex A53 2.36GHz + 4*Cortex A53 1.7GHz),"3,340mAh non removable battery",2160 x 1080,5.9inches,Main SIM:,164g,HUAWEI Kirin 659 Octa-core processor (4*Cortex A53 2.36GHz + 4*Cortex A53 1.7GHz),156.2 x 75.2 x 7.5mm,4GB,Approximately 20 hours,4ac3c410012b5726d89a7b12e5053aa5db1c8528.jpg
1,265859,MEIZU PRO 7 Plus,V4.2,12MP + 12MP IMX386 Dual camera,128GB,Helio X30 10-core processor (ARM® Cortex®-A73™ 2.6GHz x2 +ARM® Cortex®-A53™ 2.2GHz x4 +ARM® Cortex®-A35™ 1.9GHz x4),3500mAh (min.) / 3500mAh (Typ.) Non removable battery,2560 x 1440 (518PPI),5.7 inches,GSM：1900/1800/850/900MHz,170g,Helio X30 10-core processor (ARM® Cortex®-A73™ 2.6GHz x2 +ARM® Cortex®-A53™ 2.2GHz x4 +ARM® Cortex®-A35™ 1.9GHz x4),157.3 x 77.2 x 7.3 mm,6GB,(2G): 2600mins; (3G): 1700mins,7107c00e08f538fe11436cce4fdc6c3158783cb4.jpg
2,267403,Sony Xperia XA1 Plus,Bluetooth™ 4.2,23 Megapixels Sony Exmor RS™ for mobile image sensor,32GB,MediaTek MT6757 64-bit 2.3GHz Octa Core Processor,3430 mAh,1080 x 1920 pixels,5.5” Full HD display,"TDD-LTE Band38(2600), Band39(1900), Band40(2300), Band41(2500)",190 g,MediaTek MT6757 64-bit 2.3GHz Octa Core Processor,155 x 75 x 8.7 mm,4GB,21 hours (2G) / 22 hours (3G),fda7dd57e958569d3c4392cd9b99577c881a9334.jpg
3,263317,Apple iPhone 8 Plus(256GB),Bluetooth 5.0,12MP wide-angle and telephoto cameras,Up to 256GB,A11 Bionic chip with 64-bit architecture,N/A,1920 x 1080 pixels,5.5-inch (diagonal) widescreen LCD Multi-Touch display with IPS technology,FDD-LTE (Bands 1、2、3、4、5、7、8、12、13、17、18、19、20、25、26、28、29、30、66),202(with battery),A11 Bionic chip with 64-bit architecture,158.4 x 78.1 x 7.5,N/A,Talk time (wireless): Up to 14 hours,709d2ba711166be70df81a97dd2bb920d4be6c68.jpg
4,265858,MEIZU PRO 7,V4.2,12MP + 12MP IMX386 Dual Camera,64GB,Helio P25 8-core processor (ARM® Cortex®-A53™ 2.6GHz x4 +ARM® Cortex®-A53™ 1.6GHz x4),3000mAh (min.) / 3000mAh (Typ.) Non removable battery,1920 x 1080 (423PPI),5.2 inches,GSM：1900/1800/850/900MHz,163g,Helio P25 8-core processor (ARM® Cortex®-A53™ 2.6GHz x4 +ARM® Cortex®-A53™ 1.6GHz x4),147.6 x 70.7 x 7.3 mm,4GB,(2G): 2700mins; (3G): 1500mins,8f2b7dd4e298a0e3e0bbd81f9e7539c802a471ed.jpg
5,265946,Lenovo™ K8,BT4.2 LE + BT3.0,13 Megapixels,32GB,MTK P20 2.3GHz Octa Core Processor,4000 mAh,1280 x 720 pixels,5.2” HD  display,TDD LTE Band 40,165  g,MTK P20 2.3GHz Octa Core Processor,147.9 x 73.7 x 8.55 mm,3GB,24 hrs in mixed usage,70ec7b3f7dc1c93c41c0d5a09665cbd89e201c21.jpg
6,263316,Apple iPhone 8 Plus(64GB),Bluetooth 5.0,12MP wide-angle and telephoto cameras,Up to 64GB,A11 Bionic chip with 64-bit architecture,N/A,1920 x 1080 pixels,5.5-inch (diagonal) widescreen LCD Multi-Touch display with IPS technology,FDD-LTE (Bands 1、2、3、4、5、7、8、12、13、17、18、19、20、25、26、28、29、30、66),202(with battery),A11 Bionic chip with 64-bit architecture,158.4 x 78.1 x 7.5,N/A,Talk time (wireless): Up to 14 hours,952690bfd0931bc2a4bbecbb7e08db33bf6056ab.jpg
7,267147,Samsung GALAXY C8 (C7100),"v4.2 (A2DP, AVRCP, DI, HFP, HID, HOGP, HSP, MAP, OPP, PAN, PBAP)",13MP Camera (F1.7 aperture)+,N/A,Octa Core Processor: MTK P25 [MT6757V/CD] (Quad 2.39GHz + Quad 1.69GHz),"3,000mAh",N/A,5.5”  (1920 x 1080),"4G FDD-LTE: B1(2100), B3(1800), B5(850), B7(2600), B8(900)",180g,Octa Core Processor: MTK P25 [MT6757V/CD] (Quad 2.39GHz + Quad 1.69GHz),152.4 (L) x 74.7 (W) x 7.9(D) mm,4GB RAM + 64GB internal storage and support microSD™ up to 256GB,N/A,abbf83281a7d7a2bcf158cc6fe91a56317335c99.jpg
8,265370,ASUS Zenfone 4 Selfie,Bluetooth™ 4.2 + A2DP + EDR,16 Megapixels f/2.2  aperture,64GB,Qualcomm® Snapdragon™ SDM430 Octa Core Processor,3000 mAh,1280 x 720 pixels,5.5” FHD  Display,TDD-LTE  Band 38/40(2545~2655MHz),144 g,Qualcomm® Snapdragon™ SDM430 Octa Core Processor,155.66*75.9*7.85 mm,4GB,1560 mins (3G) / 1380 mins (4G),d5e57dfac0c4ba6a1de5d0c572ae24f6e4ba7fa6.jpg
9,263315,Apple iPhone 8 (256GB),Bluetooth 5.0,New 12-megapixel,Up to 256GB,A11 Bionic chip with 64-bit architecture,N/A,1334 x 750 pixels,4.7-inch (diagonal) widescreen LCD Multi-Touch display with IPS technology,FDD-LTE (Bands 1、2、3、4、5、7、8、12、13、17、18、19、20、25、26、28、29、30、66),148(with battery),A11 Bionic chip with 64-bit architecture,138.4 x 67.3 x 7.3,N/A,Talk time (wireless): Up to 14 hours,ddb22ca87117fdb44e9c2fd139b3a5f8a58a7890.jpg
10,263217,Moto G5S Plus,4.2 LE + EDR,13 Megapixels + 13 Megapixels,32GB,MSM8953 2.0GHz Octa-core  Processor,3000 mAh,1920 x 1080 pixels,5.5” FHD  display,"LTE: B1 (2100),B3 (1800),B5 (850),B7 (2600),B8 (900),B19 (Japan 850)
B20 (800 DD),B28 (700 APT),B38 (TD2600),B40 (TD2300),B41 (Narrow)",170 g,MSM8953 2.0GHz Octa-core  Processor,153.5 x 76.15 x 8.04  mm,4GB,N/A,4aefc63ee6a90028ade7f20e6e804efca2ce7e01.jpg
11,263314,Apple iPhone 8 (64GB),Bluetooth 5.0,New 12-megapixel,Up to 64GB,A11 Bionic chip with 64-bit architecture,N/A,1334 x 750 pixels,4.7-inch (diagonal) widescreen LCD Multi-Touch display with IPS technology,FDD-LTE (Bands 1、2、3、4、5、7、8、12、13、17、18、19、20、25、26、28、29、30、66),148(with battery),A11 Bionic chip with 64-bit architecture,138.4 x 67.3 x 7.3,N/A,Talk time (wireless): Up to 14 hours,a193e61a1d9e282933974ffffb9fbf7f955b9fb1.jpg
12,262176,Samsung Galaxy Note8 (256GB),"v5.0 LE up to 2Mbps (A2DP,AVRCP,DI,HFP,HID,HOGP,HSP,MAP,OPP,PAN,PBAP)","[Main] 12MP Dual Pixel F1.7, OIS",256GB,"Octa-Core, 2.35GHz Quad+ 1.9GHzQuad","3,300 mAh",2960 x 1440,"6.3” (160.5mm , full rectangle) Quad HD+ Super AMOLED","4G FDD-LTE: B1(2100),B2(1900),B3(1800),B4(AWS),B5(850),B7(2600),B8(900),",195克,"Octa-Core, 2.35GHz Quad+ 1.9GHzQuad",162.5 (長) x 74.8 (闊) x 8.6 (深) 毫米,The built-in 256GB,N/A,f8a1ef7b4d5192f9c510c8f0cd663ac45d618033.jpg
13,262174,Samsung Galaxy Note8 (64GB),"v5.0 LE up to 2Mbps (A2DP,AVRCP,DI,HFP,HID,HOGP,HSP,MAP,OPP,PAN,PBAP)","[Main] 12MP Dual Pixel F1.7, OIS",64GB,"Octa-Core, 2.35GHz Quad+ 1.9GHzQuad","3,300 mAh",2960 x 1440,"6.3” (160.5mm , full rectangle) Quad HD+ Super AMOLED","4G FDD-LTE: B1(2100),B2(1900),B3(1800),B4(AWS),B5(850),B7(2600),B8(900),",195g,"Octa-Core, 2.35GHz Quad+ 1.9GHzQuad",162.5 (L) x 74.8 (W) x 8.6 (D) mm,The built-in 64GB,N/A,382e19e4e22d3487d84252ceeab214c951660544.jpg
14,260056,Nokia 8,Bluetooth 5.0,1300MP(Color) + 1300MP(Mono),64GB,Qualcomm® Snapdragon 835 (MSM8998) Octacore processor,3090mAh,"WQHD (2560 x 1440, 16:9)",5.3 Inch,"4G FDD-LTE: B1(2100), B2(1900), B3(1800), B4(AWS), B5(850), B7(2600), B8(900), B20(800), B28(700)",158g,Qualcomm® Snapdragon 835 (MSM8998) Octacore processor,H: 151.5 mm x W: 73.7 mm x T: 7.9 mm,4 GB LPPDDR 4X,Up to 23.5 hours,62e657babbabea145d49695e9f0b6b6add2838f8.jpg
15,262175,Samsung Galaxy Note8 (128GB),"v5.0 LE up to 2Mbps (A2DP,AVRCP,DI,HFP,HID,HOGP,HSP,MAP,OPP,PAN,PBAP)","[Main] 12MP Dual Pixel F1.7, OIS",128GB,"Octa-Core, 2.35GHz Quad+ 1.9GHzQuad","3,300 mAh",2960 x 1440,"6.3” (160.5mm , full rectangle) Quad HD+ Super AMOLED","4G FDD-LTE: B1(2100),B2(1900),B3(1800),B4(AWS),B5(850),B7(2600),B8(900),",195g,"Octa-Core, 2.35GHz Quad+ 1.9GHzQuad",162.5 (L) x 74.8 (W) x 8.6 (D) mm,The built-in 128GB,N/A,1f4d2fb58fac100852afdebdb4f54ffca4664aea.jpg
16,260943,Sony Xperia™ XZ1 Compact,Bluetooth™ 5.0,19 Megapixels Sony Exmor RS™ for mobile image sensor,32GB,Qualcomm® Snapdragon 835 64-bit 2.45GHz/ 1.9GHz Octa Core Processor,2700 mAh,1280 x 720 pixels,4.6” HD display,"TDD-LTE Band38(2600), Band39(1900), Band40(2300), Band41(2500)",143 g,Qualcomm® Snapdragon 835 64-bit 2.45GHz/ 1.9GHz Octa Core Processor,129 x 65 x 9.3 mm,4GB,N/A,a575837dd5f56068c666be9f3fa9db832688c9f5.jpg
17,260057,Xiaomi Mi A1,Bluetooth 4.2,12MP Dual Camera,64GB,Snapdragon 625 Octa-core  2.0GHz,3000/3080mAh (min/typ),1920 x 1080,5.5 inch,"4G FDD-LTE: B1 (2100 MHz), B3 (1800 MHz), B4 (1700 MHz), B5 (850 MHz), B7 (2600 MHz), B8 (900 MHz), B20 (800 MHz)",165 g,Snapdragon 625 Octa-core  2.0GHz,155.4 x 75.8 x 7.3mm (0.73mm bump),4GB,18hrs,fc28d8ebd9b9f40ce3115f130058a5aba9ae4cef.jpg
18,258657,LG Q6+,v4.2 BLE,13 MP (F2.2),64GB,Qualcomm® Snapdragon™ Octa-core 1.4GHz,3000 mAh (Li-Ion)  Bulit-in battery,1080x2160,5.5inch,GSM 850(B5)/ 900(B8)/ 1800(B3)/ 1900(B2) MHz,149g,Qualcomm® Snapdragon™ Octa-core 1.4GHz,142.5 x 69.3 x 8.1 mm,4GB,1320mins (2G) / 960mins (3G),9d80a2352bfea3f5880333041d09088f3d52f9fa.jpg
19,259768,ASUS ZenFone 4 Pro,Bluetooth™ 4.2 + A2DP +EDR,1200 Megapixels f/1.7  aperture +1600 million pixels 2.6 Aperture 2 x optical zoom,128GB,Qualcomm® Snapdragon™ SDM835 2.2GHz 64-bit Octa-Core Processor,3600 mAh,1920 x 1080 pixels,5.5” FHD  AMOLED display,TDD-LTE  Band 38/39/40/41(2545~2655MHz),175 g,Qualcomm® Snapdragon™ SDM835 2.2GHz 64-bit Octa-Core Processor,156.9*75.6*7.6 mm,6GB,1752 mins (3G) / 1680 mins (4G),73fe7a920bb1f475faff6e27e8f80366633881f4.jpg
20,260007,Sony Xperia™ XZ1,Bluetooth™ 5.0,19 Megapixels Sony Exmor RS™ for mobile image sensor,64GB,Qualcomm® Snapdragon 835 64-bit 2.45GHz/ 1.9GHz Octa Core Processor,2700 mAh,1080 x 1920 pixels,5.2” Full HD display,"TDD-LTE Band38(2600), Band39(1900), Band40(2300), Band41(2500)",156 g,Qualcomm® Snapdragon 835 64-bit 2.45GHz/ 1.9GHz Octa Core Processor,148 x 73 x 7.4 mm,4GB,N/A,ea6a1c51b452f88150b65d8b3084bc7c0d08eb32.jpg
21,259226,Huawei Y6 Pro 2017,Bluetooth 4.1,13MP Rear Camera,16GB,"Qualcomm® MSM8917, Quad-core (4 x A53 1.4 GHz)","3,020mAh non removable battery",720p (1280 x 720),5” inches,SIM 1:,145g,"Qualcomm® MSM8917, Quad-core (4 x A53 1.4 GHz)",143.5 (L) x 71 (W) x 8.05(H)mm,2GB,about 25 hours,7618592512a752644c0971649c7a07feda9d516b.jpg
22,258419,ASUS ZenFone 4,Bluetooth™ 4.2 + A2DP + EDR,1200 Megapixels f/1.8  aperture + 800 Megapixels f2.2/ aperture 120 wide view,64GB,Qualcomm® Snapdragon™ SDM630 2.2GHz 64-bit Octa-Core Processor,3300 mAh,1920 x 1080 pixels,5.5” FHD  AMOLED display,TDD-LTE  Band 38/39/40/41,165 g,Qualcomm® Snapdragon™ SDM630 2.2GHz 64-bit Octa-Core Processor,158.67 x 77.4 x 7.99/8.95 mm,4GB,1576 mins (3G) / 1752 mins (4G),dd4397e5f5dda7f638f1b89c5fae7dda8d3d1e9a.jpg
23,258145,Onkyo Granbeat,Bluetooth 4.1 (Qualcomm® aptX™ HD),Main: 16 Mega pixels,128GB,Qualcomm MSM8956 Hexa-Core (Dual Core 1.8G+Quad Core 1.4G),"3,000 mAh / 3.8 V (corresponding to Qualcomm Quick Charge 3.0)",1920 x 1080 pixels,5.0-inch,LTE Band B1/3/7/8/19/26,234g(with battery),Qualcomm MSM8956 Hexa-Core (Dual Core 1.8G+Quad Core 1.4G),72 x 142.3 x 11.9mm,3GB,"Continuous talk time: 22 h ( Condition Single SIM, guideline for LCD off operation)",96e07d06772131e815435cb2b0e047186d626b6e.jpg
24,257271,ASUS Zenfone AR,Bluetooth™ 4.2 + A2DP +EDR,"2300 Megapixels f/2.0  aperture, 6 P Largan lens",128GB,Qualcomm® Snapdragon™ 821 @2.35 GHz x 2 + 1.6 GHz x 2 Quad-Core,3300 mAh,2560 x 1440 pixels,5.7” WQHD Super AMOLED display,"FDD-LTE (Bands 1, 3, 5, 7, 8, 18, 19, 20, 26 28)",175 g,Qualcomm® Snapdragon™ 821 @2.35 GHz x 2 + 1.6 GHz x 2 Quad-Core,158.67 x 77.4 x 7.99-8.95 mm,8GB,1198 mins (2G) / 930 mins (3G),553ed89bfeb9651e1165b11b91073ea08aa16e9f.jpg
25,257614,Xiaomi Mi 6,Bluetooth 5.0,12MP Dual Camera,128GB,Snapdragon 835 Octa-core 2.45GHz,3250/3350mAh (min/typ),1920 x 1080,5.15 inch,"4G FDD-LTE: B1 (2100 MHz), B3 (1800 MHz), B5 (850 MHz), B7 (2600 MHz), B8 (900 MHz)","168g(Blue),182g(Ceramic Black)",Snapdragon 835 Octa-core 2.45GHz,145.17 x 70.49 x 7.45mm,6GB,26 hrs,75ef74441dcaaeded11a53496d0ce6a889bfe94e.jpg
26,256129,Xiaomi Redmi 4X,Bluetooth 4.1,13MP,32GB,Snapdragon 435 processor max. 1.4GHz,4000/4100mAh (min/typ),1280 x 720,5 inch,"4G FDD-LTE: B1 (2100 MHz), B3 (1800 MHz), B4(1700 MHz), B5 (850 MHz), B7 (2600 MHz), B8 (900 MHz), B20(800 MHz)",150g,Snapdragon 435 processor max. 1.4GHz,139.24 x 69.96 x 8.65mm,3GB,36 hrs,05b0b6f8158577d4b04c68dec77de6aef6a5e360.jpg
27,255515,SUGAR Y9,Bluetooth™ 4.1,13MP AF,32GB,Qualcomm® Snapdragon™ 425 MSM8917 64-bit 1.4GHz Quad-Core Processor,3000 mAh,1280 x 720 pixels,5.5” HD  display,"TD-LTE: B38, B39, B40, B41",160 g,Qualcomm® Snapdragon™ 425 MSM8917 64-bit 1.4GHz Quad-Core Processor,154.4 x 76.4 x7.9 mm,3GB,15 hours (2G) / 12 hours (3G),5184109b520a4fa94f7772ee52cc736f2868979e.jpg
28,256055,Motorola Moto E4 Plus,Bluetooth™ 4.2,13 Megapixels,32GB,MTK6737 1.3GHz Quad Core Processor,5000 mAh,1280 x 720 pixels,5.5” HD  display,TDD-LTE: B40(2300),198 g,MTK6737 1.3GHz Quad Core Processor,155 x 77.5 x 9.55 mm,3GB,22.3 hours (3G) / 22.4 hours (LTE),8a610073e2c96986f964b11e87592818d917d8cf.jpg
29,256718,Huawei nova 2 Plus,Bluetooth 4.2,12MP + 8MP Dual Rear Camera,128GB,HUAWEI Kirin 659 Octa-core processor (4*Cortex A53 2.36GHz + 4*Cortex A53 1.7GHz),"3,240mAh non removable battery",1080p (1920 x 1080),5.5 inches,4G TDD LTE: Band 38/39/40/41,169g,HUAWEI Kirin 659 Octa-core processor (4*Cortex A53 2.36GHz + 4*Cortex A53 1.7GHz),153.9 x 74.9 x 6.90 mm,4GB,about 20 hours,5ea1cae783566ca1004755d31ce39ab301e60739.jpg
30,254954,Xiaomi Mi Max 2,Bluetooth 4.2,12MP Camera,64GB,Snapdragon 625 Octa-core 2.0GHz,5200/5300mAh (min/typ),1920 x 1080,6.44 inch,"4G FDD-LTE: B1 (2100 MHz), B3 (1800 MHz), B5 (850 MHz), B7 (2600 MHz), B8 (900 MHz)",211g,Snapdragon 625 Octa-core 2.0GHz,174.1 x 88.7 x 7.6mm,4GB,57 hrs,7b67d2b7973b133fe92f5afc0ac64c8173866c6c.jpg
31,250473,Sony Xperia™ XZ Premium,Bluetooth™ 5.0,19 Megapixels with 25mm wide-angle lens Motion Eye™ camera & Sony Exmor RS™ for mobile image sensor,64GB,Qualcomm® Snapdragon 835 64-bit 2.45GHz/ 1.9GHz Octa Core Processor,3230 mAh,2160 x 3840 pixels,5.5inch 4K display,"TDD-LTE Band38(2600), Band39(1900), Band40(2300), Band41(2500)",191g,Qualcomm® Snapdragon 835 64-bit 2.45GHz/ 1.9GHz Octa Core Processor,156 x 77 x 7.9 mm,4GB,14.5 hours (2G) / 24.6 hours (3G),4d55693e3ea82e1dda0c0ffacbc251539e5ebc52.jpg
32,251210,HTC U11,Bluetooth 4.2,"12MP (HTC UltraPixel™ 3、1.4µm), UltraSpeed Auto focus, HDR Boost, OIS, BSI sensor, f/1.7,  4K video recording with 3D Audio, Hi-Res audio, Acoustic Focus",128GB,"Qualcomm® Snapdragon™ 835, 64bit, Octa Core, up to 2.45GHz",3000mAh non removable battery,1440 x 2560,5.5” screen,"SIM1 / SIM2
FDD-LTE: B1 (2100MHz)/ B3 (1800MHz)/ B4 (1700MHz) / B5(850MHz) /B7 (2600MHz)/ B8 (900MHz)/ B12 (700MHz) / B17 (700MHz)/ B20 (800MHz) / B28 (700MHz)/ B32 (1500MHz)",169g,"Qualcomm® Snapdragon™ 835, 64bit, Octa Core, up to 2.45GHz",153.9 x 75.9 x 7.9mm,6GB,Up to 24.5 hours for 4/3G,4160ad03298e281d1a3ebc763503ee6a7559470d.jpg
33,250930,Sony Xperia™ XA1 Ultra,Bluetooth™ 4.2,23 Megapixels with 24mm wide-angle lens & Sony Exmor RS™ image sensor,64GB,MediaTek MT6757 2.3GHz 64-bit Octa Core Processor,2700 mAh,1920 x 1080 pixels,6” Full HD  display,"TDD-LTE Band38(2600), Band39(1900), Band40(2300), Band41(2500)",188 g,MediaTek MT6757 2.3GHz 64-bit Octa Core Processor,165 x 79 x 8.1 mm,4GB,13.3 hours (2G) / 11.9 hours (3G),12624539cf057d279fde8c3c16a1373b9731861e.jpg
34,249445,MEIZU M3 Max,V4.1,1300 mega-pixels camera,64GB,MediaTek Helio P10 8-core processor 4*A53 1.8G + 4*A53 1.0G,4100mAh build-in battery,1920 x 1080 (368PPI),6 inches,"GSM: 850/900/1800/1900,",189g,MediaTek Helio P10 8-core processor 4*A53 1.8G + 4*A53 1.0G,163.4 × 81.6 × 7.9mm,3GB,N/A,c9d886ccef2fd3f1c8bd9a16ef3130c7fdd98757.jpg
35,254543,LG G6+,v4.2 BLE,Primary Rear: 13 MP (F1.8 Normal 71°) with OIS 2.0,128GB ROM,Qualcomm® Snapdragon 821™ Quad Core 2.35GHz Processor,3300 mAh (Li-Ion) Built-in Battery,1440x2880,5.7inch,GSM 850(B5)/ 900(B8)/ 1800(B3)/ 1900(B2) MHz,163 g,Qualcomm® Snapdragon 821™ Quad Core 2.35GHz Processor,148.9 X 71.9 X 7.9 mm,4GB RAM,30 hrs (2G) / 26 hrs (3G),909df2e9c3ca2f5a3d345cef11d363f83c72e13e.jpg
36,249444,MEIZU MX6,V4.1,12 mega-pixels camera,32GB,MediaTek Helio X20 10-core processor (A53 1.4GHz x4 + A53 1.9GHz x4 + A72 2.3GHz x2),3060mAh (Typ.) Built-in Battery,1920 x 1080 (403PPI),5.5 inches,"GSM: 850/900/1800/1900,",155g,MediaTek Helio X20 10-core processor (A53 1.4GHz x4 + A53 1.9GHz x4 + A72 2.3GHz x2),153.6 x 75.2 x 7.25mm,4GB,N/A,f0dd60269af86c47c1070ddbe6d6fe997d3abcd7.jpg
37,248229,FREETEL MUSASHI,Bluetooth™ 4.0,8 Megapixels,8GB,MT6735M 1.0GHz Quad Core Processor,2000 mAh,(Front) 800 x 480 (WVGA) / (Inner) 800 x 480 (WVGA),(Front) 4.0 inch /  (Inner) 4.0 inch,"FDD-LTE (Bands 1, 3, 8 , 19)",198 g,MT6735M 1.0GHz Quad Core Processor,123.1 x 63.1 x 17.6  mm,1GB,490 minute,64943c5d631622b35c02f99daadfdd34a32508f8.jpg
38,249433,MEIZU Pro 6 Plus,V4.1,12 mega-pixels camera,128GB,SAMSUNG Exynos 8890 8-core processor (Exynos M1 2.3GHz x4 + ARM® Cortex®-A53™ 1.6GHz x4),3400mAh (Typ.),2560x 1440 (518PPI),5.7 inches,"GSM: 850/900/1800/1900,",158g,SAMSUNG Exynos 8890 8-core processor (Exynos M1 2.3GHz x4 + ARM® Cortex®-A53™ 1.6GHz x4),155.6 x 77.3 x 7.3 mm,4GB,N/A,f753ff8dc57b7eda244010940470fdbae800aeb3.jpg
39,246684,Samsung GALAXY S8+(128GB),v5.0 LE up to 2Mbps,Support 12MP Dual Pixel photodiode sensor with faster auto focus,128GB,Octa-core (2.35GHz Quad + 1.9GHz Quad),"3,500 mAh long lasting battery",2960 x 1440 (Quad HD+),"6.2inch (158.1mm , full rectangle) Quad HD+ Super AMOLED
6.1inch (154.5mm , rounded corners) Quad HD+ Super AMOLED","4G FDD-LTE: B1(2100),B2(1900),B3(1800),B4(AWS),B5(850),B7(2600),B8(900),B12(700),",173g,Octa-core (2.35GHz Quad + 1.9GHz Quad),159.5 (L) x 73.4 (W) x 8.1 (D) mm,"128GB, UFS 2.1 (RAM: 6GB LPDDR4)",N/A,458270d619b8ad0b1426a634ec96a28567079ca4.jpg
40,246574,Samsung GALAXY S8+(64GB),v5.0 LE up to 2Mbps,Support 12MP Dual Pixel photodiode sensor with faster auto focus,64GB,Octa-core (2.35GHz Quad + 1.9GHz Quad),"3,500 mAh long lasting battery",2960 x 1440 (Quad HD+),"6.2inch (158.1mm , full rectangle) Quad HD+ Super AMOLED
6.1inch (154.5mm , rounded corners) Quad HD+ Super AMOLED","4G FDD-LTE: B1(2100),B2(1900),B3(1800),B4(AWS),B5(850),B7(2600),B8(900),B12(700),",173g,Octa-core (2.35GHz Quad + 1.9GHz Quad),159.5 (L) x 73.4 (W) x 8.1 (D) mm,"64GB, UFS 2.1 (RAM: 4GB LPDDR4)",N/A,5aaf159abdac5e9b064bb89a86f8f4812e9500b1.jpg
41,246265,Xiaomi Redmi Note 4X(64GB),Bluetooth 4.1,13MP,64GB,Snapdragon 625 processor max. freq 2.0GHz,N/A,16M colors,5.5 inch,"4G FDD-LTE: B1 (2100 MHz), B3 (1800 MHz), B4(1700MHz), B5 (850 MHz), B7 (2600 Mhz), B8(900MHz), B20(800MHz)",165g,Snapdragon 625 processor max. freq 2.0GHz,151 x 76 x 8.3mm,4GB,51hrs,7f0c868d7cb4e741b56793dd54adccafce5faeb4.jpg
42,246410,Samsung GALAXY S8,"v5.0 LE up to 2Mbps (A2DP,AVRCP,DI,HFP,HID,HOGP,HSP,MAP,OPP,PAN,PBAP)",Support 12MP Dual Pixel photodiode sensor with faster auto focus,64GB,"Octa-Core, 2.35GHz Quad+ 1.9GHzQuad","3,000 mAh",2960 x 1440 (Quad HD+),"5.8inch (146.5mm, full rectangle) Quad HD+ Super AMOLED","4G FDD-LTE: B1(2100),B2(1900),B3(1800),B4(AWS),B5(850),B7(2600),B8(900),B12(700),",155g,"Octa-Core, 2.35GHz Quad+ 1.9GHzQuad",148.9 (L) x 68.1(W) x 8 (D) mm,"Storage: 64GB, UFS 2.1 (RAM: 4GB LPDDR4)",N/A,ad2271773cc23d5e2d6816df286753805f746a42.jpg
43,246092,Huawei P10 lite,Bluetooth 4.1,12MP,64GB,HUAWEI Kirin 658 Octa-core processor (4*Cortex A53 2.1GHz + 4*Cortex A53 1.7GHz),"3,000mAh non removable battery",1080p (1920 x 1080),5.2 inches,"SIM1: 
4G TDD LTE: Band38/39/40/41(100MHz)",146g,HUAWEI Kirin 658 Octa-core processor (4*Cortex A53 2.1GHz + 4*Cortex A53 1.7GHz),146.5 × 72 × 7.2 mm,4GB LPDDR3,about 21 hours,eeb3d357039116cdd62da100c1317b14bbdb7126.jpg
44,244025,Apple IPHONE SE 128GB,Bluetooth 4.2,12‑megapixel iSight camera with 1.22µ pixels,Up to 128GB,A9 chip,N/A,1136 x 640 pixels,4-inch (diagonal) LED‑backlit widescreen Multi-Touch display,LTE (頻段 1、2、3、4、5、7、8、12、17、18、19、20、25、26、28),113(with battery),A9 chip,123.8 x 58.6 x 7.6,2GB,14 hours on 3G,2719a74ef45e401fcd820e42ebe05f73daffcf66.jpg
45,245836,MEITU T8,Support,2100M,128GB,MT6797 Deca-core 2.3GHz,3580mAh,1080*1920,5.2 inch,2G GSM：Band 2/3/5/8,170g,MT6797 Deca-core 2.3GHz,158.4*71.5*9.3mm,4GB,"1400分鐘（2G）,900分鐘（3G）/ 1400 mins (2G), 900 mins (3G)",06153f31c3e401a81e1526587b6a492353e618e4.jpg
46,243712,Apple IPHONE SE 32GB,Bluetooth 4.2,12‑megapixel iSight camera with 1.22µ pixels,Up to 32GB,A9 chip,N/A,1136 x 640 pixels,4-inch (diagonal) LED‑backlit widescreen Multi-Touch display,LTE (頻段 1、2、3、4、5、7、8、12、17、18、19、20、25、26、28),113g(with battery),A9 chip,123.8 x 58.6 x 7.6  mm,2GB,14 hours on 3G,473e97b8509dcba46b09860e4bc1f0de28325c5a.jpg
47,243366,LG G6,v4.2 BLE,Primary Rear: 13 MP (F1.8 Normal 71°) with OIS 2.0,64GB,Qualcomm® Snapdragon 821™ Quad-core 2.35GHz,3300 mAh (Li-Ion) embedded battery,1440x2880,5.7inch,GSM 850(B5)/ 900(B8)/ 1800(B3)/ 1900(B2) MHz,163g,Qualcomm® Snapdragon 821™ Quad-core 2.35GHz,148.9 X 71.9 X 7.9mm,4GB,1800 mins (2G) / 1560 mins (3G),0f6018781bc5f1d2584925bb9d75cbb09a09d165.jpg
48,241979,Samsung GALAXY C5 Pro,"v4.2 (A2DP, AVRCP, DI, HFP, HID, HOGP, HSP, MAP, OPP, PAN, PBAP)",16MP Auto-focus Camera with Dual LED Flash (F1.9 aperture),64GB,Octa Core Processor 2.2GHz (Snapdragon 626),"2,600mAh",N/A,5.2inch,"4G FDD-LTE: B1(2100),B3(1800), B5(850), B7(2600),B8(900)",145g,Octa Core Processor 2.2GHz (Snapdragon 626),145.7 (L) x 71.4 (W) x 7.0(D) mm,4GB,N/A,37f674ba8ead89eedad312c6e91930ab9a3103b8.jpg
49,243276,Huawei P10,Bluetooth 4.2,"20MP Monochrome+12MP RGB, F2.2",64GB,HiSilicon Kirin 960 Octa-core (4 x A73 2.4 GHz + 4 x A53 1.8 GHz),"3,200mAh non removable battery",1080p (1920 x 1080),5.1 inches,4G TDD LTE: Band38/39/40/41(100MHz),145g,HiSilicon Kirin 960 Octa-core (4 x A73 2.4 GHz + 4 x A53 1.8 GHz),145.3(L)×69.3(W)×6.98mm,4GB LPDDR4,about 23 hours,dbfd08669f37841ac55a5d192b66637f6c480534.jpg
50,243277,Huawei P10 Plus,N/A,"20MP Monochrome+12MP RGB, F1.8",128GB,HiSilicon Kirin 960 Octa-core (4 x A73 2.4 GHz + 4 x A53 1.8 GHz),"3,750mAh non removable battery",1440p (2560 x 1440),5.5 inches,"SIM1: 
4G TDD LTE: Band38/39/40/41(100MHz)",165g,HiSilicon Kirin 960 Octa-core (4 x A73 2.4 GHz + 4 x A53 1.8 GHz),153.5×74.2×6.98mm,6GB LPDDR4,about 28 hours,97d8607ad422c1e7f054e0e27784fb57e933c24a.jpg
51,242272,SUGAR S9,Bluetooth™ 4.0,16MP PDAF,64GB,Qualcomm® MSM8940 64-bit 1.4GHz  Octa-Core Processor,3000  mAh,1920 x 1080 pixels,5.5” Full HD OLED display,"TDD-LTE: Band38(2600), Band39(1900), Band40(2300), Band41(2500)",162 g,Qualcomm® MSM8940 64-bit 1.4GHz  Octa-Core Processor,154.4 x 76.7 x 6.6 mm,4GB,15  hours (2G) / 15 hours (3G),80ec09de79abdb93e26b3338bf854d5c78e09de0.jpg
52,241294,Xiaomi Redmi Note 4X(32GB),Bluetooth 4.1,13MP  Camera,32GB,Snapdragon 625 processor max. freq 2.0GHz,4000/4100mAh (min/typ) Non Changeable Lithium-ion polymer battery,1920 x 1080,5.5 inch,"4G FDD-LTE: B1 (2100 MHz), B3 (1800 MHz), B4(1700MHz), B5 (850 MHz), B7 (2600 Mhz), B8(900MHz), B20(800MHz)",165 g,Snapdragon 625 processor max. freq 2.0GHz,151 x 76 x 8.3mm,3GB,51hrs,06ae1ee52948d53d414363febb3227a5983666fa.jpg
53,241104,Xiaomi Mi Note 2,Bluetooth 4.2,22MP Camera,128GB,Snapdragon 821 processor max. freq 2.35GHz,4000/4070mAh (min/typ) Non Changeable Lithium-ion polymer battery,1920 x 1080,5.7 inch,"4G FDD-LTE: B1 (2100 MHz), B3 (1800 MHz), B4 (1700 MHz), B5 (850 MHz), B7 (2600 Mhz), B8 (900 MHz), B12 (700 Mhz), B13 (700 MHz), B17 (700 MHz), B18 (850 MHz), B19(850 MHz), B20(800 MHz), B25 (1900 MHz), B26 (850MHz), B28 (700MHz), B29 (700 MHz),B30 (2600 Mhz);",166 g,Snapdragon 821 processor max. freq 2.35GHz,156.2 x 77.3 x 7.6mm,6GB,46hrs,72fff829e882594198ec8bbe015bff3287cca85a.jpg
54,239234,Huawei Porsche Design Huawei Mate 9,Bluetooth 4.2,"20MP Monochrome+12MP RGB, F2.2",256GB,HiSilicon Kirin 960 Octa-core (4 x A73 2.4 GHz + 4 x A53 1.8 GHz),4000mAh non removable battery,"2560x1440 (WQHD), 534 PPI",5.5 inches,"SIM1: 
4G TDD LTE: Band38/39/40/41(100MHz)",169g,HiSilicon Kirin 960 Octa-core (4 x A73 2.4 GHz + 4 x A53 1.8 GHz),152.0×75.0×7.5mm,6GB LPDDR4,about 28 hours,30f2f2d321f4391e12b1911e6f8dece6e1552d80.jpg
55,241100,LG K10 2017,v4.2 BLE,13 MP,16GB,Octa Core 1.5 GHz,2800mAh,720 x 1280 pixels,5.3 inches,GSM 850/900/1800/1900 MHz,142g,Octa Core 1.5 GHz,148.7 x 75.3 x 7.9mm,2GB,Up to 420 mins 分鐘 (2G) / Up to 600 mins 分鐘 (3G),d31abd054b831ccfa1813b8c23290261638fc723.jpg
56,239182,Samsung Galaxy C7 Pro (C7010),"v4.2 (A2DP, AVRCP, DI, HFP, HID, HOGP, HSP, MAP, OPP, PAN, PBAP)",16MP Auto-focus Camera with Dual LED Flash (F1.9 aperture),64GB,Octa Core Processor 2.2GHz (Snapdragon 626),"3,300mAh",1920 x 1080,5.7,"4G FDD-LTE: B1(2100),B3(1800), B5(850), B7(2600),B8(900)",172g,Octa Core Processor 2.2GHz (Snapdragon 626),156.5 (L) x 77.2 (W) x 7.0 (H) mm,4GB,N/A,f6d8b861f073e9f51fd7f046a2c90f02286da3b0.jpg
57,240361,Nokia 6,Bluetooth 4.1,16MP,64 GB e-MMC 5.1,Qualcomm® Snapdragon 430 (MSM8937) Octacore processor,3000mAh,"FullHD (1920 x 1080, 16:9)",5.5 Inch,GSM 850/900/1800/1900 MHz,167g,Qualcomm® Snapdragon 430 (MSM8937) Octacore processor,H: 154 mm x W: 75.8 mm x T: 7.85 mm (8.4 with camera bump),4 GB LPPDDR 3,Up to 18 hours,a663748b1283a1b8687e65834b5b5a4b116df181.jpg
58,240232,MEIZU M5 Note,V4.0,1300 mega-pixels camera,32GB,MediaTek Helio P10 8-core processor 4*A53 1.8G + 4*A53 1.0G,4000mAh build-in battery,1920 x 1080 (403PPI),5.5 inches,"GSM 850/900/1800/1900 MHz,",175g,MediaTek Helio P10 8-core processor 4*A53 1.8G + 4*A53 1.0G,153.6 × 75.8 × 8.1mm,3GB,N/A,ca6eafb9ecac5bed9baed1fbdf4a2d44d218ddba.jpg
59,238055,HTC U Play,Bluetooth 4.2,"16MP, PDAF, OIS, BSI sensor, f2,  28mm wide camera",64GB,"MediaTek® Helio™ P10, 64bit, 2GHz Octa-Core",2500mAh non removable battery,1080 x 1920,5.2”,"FDD LTE: B1(2100)/B3(1800)/B5(850)/B7(2600)/B8(900)/  
B20(800)/B28(700)MHz",145g,"MediaTek® Helio™ P10, 64bit, 2GHz Octa-Core",145.99  x  72.9  x 3.5 - 7.99  mm,4GB,Up to 15 hours for 3G,fc6e2d27200bbbaa43aa0450f31567d87884116b.jpg
60,237871,HTC U Ultra,Bluetooth 4.2,"12MP (HTC UltraPixel™ 2、1.55µm), Laser auto focus, PDAF, OIS, BSI sensor, f/1.8",64GB,"Qualcomm® Snapdragon™ 821, 64 bit up to 2.15GHz Quad-Core processor",3000mAh non removable battery,"1440 x 2560, 2nd screen 160 x 1040",5.7” with 2” second screen,"SIM1 / SIM2
FDD LTE: B1(2100)/B3(1800)/B5(850)/B7(2600)/B8(900)/  
B20(800)/B28(700)MHz",170g,"Qualcomm® Snapdragon™ 821, 64 bit up to 2.15GHz Quad-Core processor",162.41  x  79.79  x 3.6 - 7.99mm,4GB,Up to 26 hours for 4/3G,4cb8ec9403402f5d9f4e36a98b9ef51a0fe68c71.jpg
61,236410,Samsung  GALAXY C9 Pro,"v4.2 (A2DP, AVRCP, DI, HFP, HID, HOGP, HSP, MAP, OPP, PAN, PBAP)",16MP Auto-focus Camera with Dual LED Flash (F1.9 aperture),Internal Memory: 64GB (RAM: 6GB),Octa Core Processor 1.95GHz (Snapdragon 653) + 1.4GHz,N/A,1920 x 1080,6.0,"4G FDD-LTE: B1(2100),B3(1800),B5(850),B7(2600),B8(900)",188g,Octa Core Processor 1.95GHz (Snapdragon 653) + 1.4GHz,162.9 (L) x 80.7 (W) x 6.9 (H) mm,Internal Memory: 64GB (RAM: 6GB),N/A,ef2b416c43122029b4f74b02e2a3904b028d148a.jpg
62,236369,Samsung Galaxy S7 edge Black Pearl,N/A,12MP Auto-focus,128GB,"64bit Quad-Core (14nm), 2.15GHz Dual + 1.6GHz Dual",3600mAh,2560 x 1440,5.5,4G FDD-LTE:,157g,"64bit Quad-Core (14nm), 2.15GHz Dual + 1.6GHz Dual",150.9 (L) x 72.6(W) x 7.7 (D) mm,4GB,N/A,9e76ec1101598bd95e0e77e192899654daeaf910.jpg
63,235462,Huawei Mate 9 Pro,Bluetooth 4.2,"20MP Monochrome+12MP RGB, F2.2",128GB,HiSilicon Kirin 960 Octa-core (4 x A73 2.4 GHz + 4 x A53 1.8 GHz),4000mAh non removable battery,"2560x1440 (WQHD), 534 PPI",5.5 inches,"SIM1: 
4G TDD LTE: Band38/39/40/41(100MHz)",約169g,HiSilicon Kirin 960 Octa-core (4 x A73 2.4 GHz + 4 x A53 1.8 GHz),152.0×75.0×7.5 mm,6GB LPDDR4,about 28 hours,0431054f439cad7b8ce983997cbb30fe2aa5abe3.jpg
64,234289,HTC Desire 10 pro,Bluetooth 4.2,"20MP, Laser auto-focus , BSI sensor, f/2.2, 27.8mm lens",64GB,"MediaTek™ Helio™ P10 Octa-Core 2.0GHz, 64-bit processor",3000mAh non removable battery,Full HD (1080x1920),5.5”,FDD-LTE: B1 (2100MHz)/ B3 (1800MHz)/ B5(850MHz) /B7 (2600MHz)/ B8 (900MHz)/ B20 (800MHz) / B28 (700MHz),165g,"MediaTek™ Helio™ P10 Octa-Core 2.0GHz, 64-bit processor",156.5 x 76 x 7.86mm,4GB,Up to 19 hours for 3G,b1c8e7b8f94a03a2a2ef700282dbfb034b5d5004.jpg
65,232700,Xiaomi 5s Plus,Bluetooth 4.2,13MP Dual Camera,128GB,Snapdragon 821 processor max. freq 2.35GHz,3800/3700mAh (min/typ) Non Changeable Lithium-ion polymer battery,1920 x 1080,5.7 inch,"4G FDD-LTE: B1 (2100 MHz), B3 (1800 MHz), B5 (850 MHz), B7 (2600 MHz);",168 g,Snapdragon 821 processor max. freq 2.35GHz,154.6 x 77.7 x 7.95mm,6GB,41hrs,e2bd43186ac18e5bb954367723783907975038a8.jpg
66,230438,LG V20,v4.2 BLE,16 MP (F1.8 Normal 75°) with OIS 2.0 and 8 MP (F2.4 Wide 135°),64GB,Qualcomm Snapdragon 820 Quad-core 2.1GHz,3200 mAh  Removable (Li-Ion),1440x2560,5.7inch,GSM: 850(B5)/900(B8)/1800(B3)/1900(B2) MHz,174g,Qualcomm Snapdragon 820 Quad-core 2.1GHz,159.7 x 78.1 x 7.6,4GB,Up to 480 mins (2G) / Up to 710 mins (3G),f9ca49548c42c22e3ef3c18205980a172cc0ef05.jpg
67,233708,Huawei Mate 9,Bluetooth 4.2,"20MP Monochrome+12MP RGB, F2.2",64GB,HiSilicon Kirin 960 Octa-core (4 x A73 2.4 GHz + 4 x A53 1.8 GHz),4000mAh non removable battery,1080p (1920 x 1080),5.9 inches,SIM1:,190g,HiSilicon Kirin 960 Octa-core (4 x A73 2.4 GHz + 4 x A53 1.8 GHz),156.9×78.9×7.9mm,4GB LPDDR4,about 28 hours,16ad08317930e7f42fc903cec1c9b5058c5e9a99.jpg
68,227527,Xiaomi Redmi Note 4,Bluetooth 4.2,13MP,64 GB,Helio X20 Deca-core Max 2.1GHz,"4000/4100mAh (min/typ) 
Non Changeable Lithium-ion polymer battery",1920 x 1080,5.5 inch,"4G FDD-LTE: B1 (2100 MHz), B3 (1800 MHz), 
B5 (850 MHz), B7 (2600 MHz), B8(900 MHz); 
4G TDD-LTE: B38 (2600 MHz), B39(1900 MHz), 
B40 (2300 MHz), B41 (2555-2655MHz) 
3G WCDMA:  B1 (2100MHz), B2 (1900 MHz), 
B5 (850 MHz), B8 (900 MHz) 
3G TD-SCDMA:  B34 (2000 MHz); B39 (1900MHz) 
2G GSM: B2 (1900 MHz), B3 (1800 MHz), B5 (850 MHz), 
B8(900 MHz)",175 g,Helio X20 Deca-core Max 2.1GHz,151 x 76 x 8.35mm,3 GB,30 hrs,4f4364209850f7c22d86ffe96e0638f4330f3e03.jpg
69,223062,Apple iPhone 7 Plus (128GB),Bluetooth 4.2,New 12-megapixel wide-angle and telephoto cameras,Up to 128GB,A10 Fusion chip,N/A,1920 x 1080 pixels,5.5-inch (diagonal) LED-backlit,FDD-LTE ( 1、2、3、4、5、7、8、12、13、17、18、19、20、25、26、27、28、29、30),188(with battery),A10 Fusion chip,158.2 x 77.9 x 7.3,3GB,21 hours on 3G,92e9882e2423d2df3cae42ceee04d791fab1809c.jpg
70,223460,Apple iPhone 6s Plus (32GB),Bluetooth 4.2,New 12-megapixel iSight camera with 1.22µ pixels,"Up to 32GB, iCloud storage 5GB",A9 chip,N/A,1920 x 1080pixels,Display: 5.5inch (diagonal) widescreen Multi-Touch display,"LTE (頻段 1、2、3、4、5、7、8、12、13、17、18、19、20、25、26、27、28、29)
TD-LTE (頻段 38、39、40、41)",192(with battery),A9 chip,158.2 x 77.9  x 7.3,2GB,24 hours on 3G,1a292893ff0d566b78ff4fda1431a7890fe42a93.jpg
71,223420,Apple iPhone 6s (32GB),Bluetooth 4.2,New 12-megapixel iSight camera with 1.22µ pixels,"Up to 32GB
iCloud storage 5GB",A9 chip,N/A,1334 x 750 pixels,4.7-inch (diagonal) LED-backlit,LTE (頻段 1、2、3、4、5、7、8、12、13、17、18、19、20、25、26、27、28、29),143(with battery),A9 chip,138.3 x 67.1 x 7.1,2GB,14 hours on 3G,b24d05bb7ec8326bb78bf1574c044400dc55b416.jpg
72,223055,Apple iPhone 7 Plus (32GB),Bluetooth 4.2,New 12-megapixel wide-angle and telephoto cameras,Up to 32GB,A10 Fusion chip,N/A,1920 x 1080 pixels,5.5-inch (diagonal) LED-backlit,FDD-LTE ( 1、2、3、4、5、7、8、12、13、17、18、19、20、25、26、27、28、29、30),188(with battery),A10 Fusion chip,158.2 x 77.9 x 7.3,3GB,21 hours on 3G,53df997019ed94e233296e7867dcd225f02f6e0e.jpg
73,223106,Apple iPhone 7 (128GB),Bluetooth 4.2,New 12-megapixel,Up to 128GB,A10 Fusion chip,N/A,1334 x 750 pixels,4.7-inch (diagonal) LED-backlit,FDD-LTE ( 1、2、3、4、5、7、8、12、13、17、18、19、20、25、26、27、28、29、30),138(with battery),A10 Fusion chip,138.3 x 67.1 x 7.1,2GB RAM,14 hours on 3G,e1cb0848e96dee3acde9f339db11048d5847536a.jpg
74,215827,Xiaomi Mi Max,Bluetooth 4.2,16MP,32GB,"Qualcomm Snapdragon 650, 64-bit Hexa-core 1.8Ghz",4670/4850mAh (min/typ) build-in battery,1920 x 1080,6.44 inch,2G: (GSM: B2/B3/B5/B8),203 g,"Qualcomm Snapdragon 650, 64-bit Hexa-core 1.8Ghz",173.1 x 88.3 x 7.5 mm,3GB,N/A,4f429ad87eb6d3b1e736dfcb78e64dd6d59a01d5.jpg
75,222937,Apple iPhone 7 (32GB),Bluetooth 4.2,New 12-megapixel,Up to 32GB,A10 Fusion chip,N/A,1334 x 750 pixels,4.7-inch (diagonal) LED-backlit,FDD-LTE ( 1、2、3、4、5、7、8、12、13、17、18、19、20、25、26、27、28、29、30),138(with battery),A10 Fusion chip,138.3 x 67.1 x 7.1,2GB RAM,14 hours on 3G,28625936e160bbb3763bc88547c182c2f16246c0.jpg
76,218449,Xiaomi Redmi 3S,Bluetooth 4.1,13MP,32 GB,Qualcomm Snapdragon 430 Octa-Core Processor 4x1.4GHz + 4x1.1GHz,4000/4100 MAH (min/typ) build-in battery,1080 x 720,5 inch,2G: GSM B 2/3/5/8,144 g,Qualcomm Snapdragon 430 Octa-Core Processor 4x1.4GHz + 4x1.1GHz,139.3 x 69.6 x 8.5 mm,3 GB,N/A,0b59a8fe67144c83d4d7e3fb947d822cc951d98c.jpg
77,214020,MEIZU Pro 6,V4.1,21.16 mega-pixels camera,64 GB,MediaTek Helio X25 Deca-core processor 4*A53 1.4G + 4*A53 2.0G + 2*A72 2.5G,2560 mAh built in battery,1920 x 1080 (423.6PPI),5.2 inches,"GSM 900/1800/1900 MHz,",160g,MediaTek Helio X25 Deca-core processor 4*A53 1.4G + 4*A53 2.0G + 2*A72 2.5G,147.7 × 70.8 × 7.25mm,4 GB,"(3G) 1140 mins, (2G) 1800 mins",10e434c2d2a3818b11859670c6057e322b812039.jpg
78,215548,Samsung GALAXY C7,"v4.2 (A2DP, AVRCP, DI, HFP, HID, HOGP, HSP, MAP, OPP, PAN, PBAP)",16MP Auto-focus Camera with Dual LED Flash (F1.9 aperture),64GB,Octa Core Processor: MSM8953 (Quad A53 2.0 GHz + Quad A53 2.0 GHz)  (64bit Capable),"3,300mAh",1920 x 1080,5.7,"4G FDD-LTE: B1(2100),B3(1800), B7(2600),B8(900)",169g,Octa Core Processor: MSM8953 (Quad A53 2.0 GHz + Quad A53 2.0 GHz)  (64bit Capable),156.5 (L) x 77.1 (W) x 6.8(D) mm,4GB,N/A,b3b6f9680f46c6300d242a62d934d25ef78a8a97.jpg
79,215304,Samsung GALAXY C5,"v4.2 (A2DP, AVRCP, DI, HFP, HID, HOGP, HSP, MAP, OPP, PAN, PBAP)",16MP Auto-focus Camera with Dual LED Flash (F1.9 aperture),64GB,Octa Core Processor: MSM8952 (Quad A53 1.5GHz + Quad A53 1.2GHz) (64bit Capable),"2,600mAh",1920 x 1080,5.2,"4G FDD-LTE: B1(2100),B3(1800), B7(2600),B8(900)",143g,Octa Core Processor: MSM8952 (Quad A53 1.5GHz + Quad A53 1.2GHz) (64bit Capable),145.9 (L) x 72.0 (W) x 6.7 (D) mm,4GB,N/A,7e7291db7b8d7a0aab6826f91b4629f0e94245cd.jpg
80,207848,Xiaomi  Mi 5,Bluetooth 4.2,16MP,32GB ROM,Snapdragon 820 Quad-core Kryo 1.8GHz,3000/2910mAh (min/typ),1920 x 1080,5.15 inch,"4G FDD-LTE: B1 (2100 MHz), B3 (1800 MHz), B5 (850 MHz), B7 (2600 MHz)",129 g,Snapdragon 820 Quad-core Kryo 1.8GHz,144.55 x 69.2 x 7.25 mm,3GB RAM,N/A,c5f2d3a40abc9797b6460fcfb75d054572a97c01.jpg
81,206549,Huawei P9 32GB,Bluetooth 4.2,Leica Summarit 12MP Dual Camera,32GB ROM,"Hisilicon Kirin 955 64bit(4xA72 2.5GHz, 4xA53 1.8GHz) ; 16nm",N/A,"1,920 x 1,080",5.2in,High Spec Version:,144g,"Hisilicon Kirin 955 64bit(4xA72 2.5GHz, 4xA53 1.8GHz) ; 16nm",145 (L) × 70.9 (W) × 6.95 ( H) mm,3GB LPDDR3 RAM,N/A,14328e22e387103a9cc3a22ff3607e879b8e2410.jpg
82,206409,Samsung GALAXY J7,"v4.1 A2DP,AVRCP,DI,HFP,HID,HOGP,HSP,MAP,OPP,PAN,PBAP",13MP Auto-focus,16GB,N/A,3400mAh,1920 x 1080,5.5,"4G LTE FDD：B1(2100),B3(1800)",170,N/A,151.7(L) x 76.0(W) x 7.8 (D) mm,3GB,N/A,1c720f19fa78fd99c36786a57dfa27b4976119b0.jpg
83,204600,LG G5 (LGH860N),v4.2 BLE,16 MP (F1.8 Normal 78°) with OIS 2.0 & 8 MP (F2.4 Wide 135°),32GB,Qualcomm Snapdragon 820 Quad-core 2.2GHz,2800 mAh  Removable (Li-Ion),1440x2560,5.3 inch,GSM 850/900/1800/1900MHz,159,Qualcomm Snapdragon 820 Quad-core 2.2GHz,149.4 x 73.9 x 7.7 mm,4GB,Up to  400 mins (2G) / Up to  620 mins (3G),4fee03d90bceb95f4e84dddfc4977382dfa153d1.jpg
84,204842,Xiaomi Redmi Note 3 (32GB),Bluetooth 4.1,16MP,32GB,"Snapdragon 650, 64-bit hexa-core 1.8GHz",4000/4050mAh (min/typ) Lithium-ion polymer non-removable battery,1920 x 1080,5.5,"4G FDD-LTE: B1 (2100 MHz), B3 (1800 MHz),B5 (850 MHz), B7 (2600 MHz),B8(900 MHz);",164,"Snapdragon 650, 64-bit hexa-core 1.8GHz",150 x 76 x 8.65 mm,3GB,N/A,46d85c00840ea6da5e8e105d1de71d1def68ea06.jpg
85,203469,LG K10 LTE,v4.2 BLE,13 MP Main Camera,16GB,Octa Core 1.14 GHz Processor,2300 mAh,720 x 1280,5.3 inch (720 x 1280) HD In-Cell Touch TFT Display,FDD-LTE	2100(B1) / 1800(B3) / 2600(B7) / 900(B8) MHz,140g,Octa Core 1.14 GHz Processor,146.6 x 74.8 x 8.8,2GB,Up to  900 mins (2G) / Up to  600 mins (3G),7c78292d79dc8c0de17dc18e308657da082ace9e.jpg
86,203814,Samsung GALAXY S7 (G930F),"v4.2 LE(A2DP,AVRCP,DI,HFP,HID,HOGP,HSP,MAP,OPP,PAN,PBAP, SAP)",12MP Auto-focus,32GB,"64bit Octa-Core (14nm), 2.3GHz Quad + 1.6GHz Quad",3000mAh,2560 x 1440,5.1,"4G FDD-LTE: B1(2100),B2(1900),B3(1800),B4(AWS),B5(850),B7(2600),B8(900),",152g,"64bit Octa-Core (14nm), 2.3GHz Quad + 1.6GHz Quad",142.4 (L) x 69.6(W) x 7.9 (D) mm,4GB,N/A,c1cc2e914e04aa51c45ed61781eb7fe4cd85e16e.jpg
87,203936,Samsung GALAXY S7edge (G9350),"v4.2 LE(A2DP,AVRCP,DI,HFP,HID,HOGP,HSP,MAP,OPP,PAN,PBAP, SAP)",12MP Auto-focus,32GB,"64bit Quad-Core (14nm), 2.15GHz Dual + 1.6GHz Dual",3600mAh,2560 x 1440,5.5,4G FDD-LTE:,157g,"64bit Quad-Core (14nm), 2.15GHz Dual + 1.6GHz Dual",150.9 (L) x 72.6(W) x 7.7 (D) mm,4GB,N/A,1ef00bad25f76c32c91b96cd5cbdf397de651db7.jpg
88,201161,Samsung Galaxy A9 (2016) (A9000),"v4.1 (A2DP, AVRCP, DI, HFP, HID, HOGP, HSP, MAP, OPP, PAN, PBAP)",13MP,32GB,Octa Core Processor: Quad 1.8GHz + Quad 1.4GHz (64bit Capable),4000mAh,1920 x 1080,6,"4G FDD-LTE: B1(2100),B3(1800),B5(850),B7(2600),B8(900)",200,Octa Core Processor: Quad 1.8GHz + Quad 1.4GHz (64bit Capable),161.7 (L) x 80.9 (W) x 7.4 (D) mm,3GB,N/A,0dd5f803ea60a7f8001495a1ae6b43e16ae5177e.jpg
89,194540,Microsoft Lumia 950 XL,"support 4.1, A2DP 1.2, AVRCP 1.4, HID",20 MP Auto focus f/1.9 Camera,32GB and support One drive storage,Qualcomm® Snapdragon 810 Octa-core 2.1GHz processor,3340 mAh,2560 x 1440,5.7-inch Multi-touch,GSM/GPRS/EDGE: 850 / 900 / 1800 / 1900 MHz,165,Qualcomm® Snapdragon 810 Octa-core 2.1GHz processor,151.9 x 79.4 x 8.1 mm,3GB,up to 1140 mins (3G),71f530d1f5e0de117e5e5e9bc477f4d934e91d60.jpg
90,187319,Apple iPhone 6s(128GB),Bluetooth 4.2,New 12-megapixel iSight camera with 1.22µ pixels,"Up to 128GB, iCloud storage 5GB",A9 chip with 64-bit architecture Embedded M9 motion coprocessor,N/A,1334 x 750 pixels,4.7-inch (diagonal) LED-backlit,"LTE (頻段 1、2、3、4、5、7、8、12、13、17、18、19、20、25、26、27、28、29)
TD-LTE (頻段 38、39、40、41)",143(with battery),A9 chip with 64-bit architecture Embedded M9 motion coprocessor,138.3 x 67.1 x 7.1,2GB,14 hours on 3G,f075ca21760ff07000eca00410ee866a0d9bf6cd.jpg
91,187518,Apple iPhone 6s Plus (128GB),Bluetooth 4.2,New 12-megapixel iSight camera with 1.22µ pixels,"Up to 128GB, iCloud storage 5GB",A9 chip with 64-bit architecture Embedded M9 motion coprocessor,N/A,1920 x 1080pixels,Display: 5.5inch (diagonal) widescreen Multi-Touch display,"LTE (頻段 1、2、3、4、5、7、8、12、13、17、18、19、20、25、26、27、28、29)
TD-LTE (頻段 38、39、40、41)",192(with battery),A9 chip with 64-bit architecture Embedded M9 motion coprocessor,158.2 x 77.9  x 7.3,2GB,24 hours on 3G,17ad8b287a77cf4e4aa434a71f7ea04449074dc7.jpg
92,181817,Xiaomi Mi Note,Bluetooth 4.1,13MP,64GB,"Qualcomm® Snapdragon™ 801, quad-core processor with maximum frequency of 2.5GHz,",2900/3000mAh (min/typ),1920 x 1080,5.7 inch,"4G FDD-LTE (B1/3/7)
4G TDD-LTE (B40)
3G WCDMA (850/900/1900/2100MHz)
2G GSM (850/900/1800/1900MHz)",161 g,"Qualcomm® Snapdragon™ 801, quad-core processor with maximum frequency of 2.5GHz,",155.1 x 77.6 x 6.95 mm,3GB,34.4 hours,ea0977e0770f2b596bb43e56b4e79b6cf07d3ffe.jpg
93,129601,Huawei Ascend P7,Bluetooth 4.0,13M,Rom: 16GB,"Hisilicon Kirin 910T, Quad core 1.8GHz CPU",2500 mAh,1920 pixels x 1080 pixels,5.0 inches,"WCDMA 2100 MHz: 1920–1980 MHz (UL), 2110–2170 MHz (DL)",About 124g (including the battery),"Hisilicon Kirin 910T, Quad core 1.8GHz CPU",139.8mm(L）×68.8 mm（W）×6.5 mm（T）,RAM: 2 GB,About 15 hours (depends on the user operation and network condition): about 15 hours,b4c2da8e3a1cc29253cce75d4b58124d8dc1d2b2.jpg
94,135418,Sony Xperia™ T3,Bluetooth™ 4.0,8 Megapixels,Flash：8GB,1.4 GHz Qualcomm MSM8928-2 Quad Core,2500mAh,1280 x 720 pixels,5.3 inch,"GSM GPRS/EDGE 850, 900, 1800, 1900 MHz",148 g,1.4 GHz Qualcomm MSM8928-2 Quad Core,150.7 x 77 x 7mm,RAM: 1GB,UMTS：Up to 14 hours 47 minutes,8bf69b744d2d8a0fc49eacbff31ecd65050d763a.jpg
95,151112,ASUS Padfone S LTE (PF500KL),Support,8MP f/2.0 with PixelMaster Technology,16GB,Qualcomm Snapdragon 400 1.2GHz Quad Core Cpu,2300mAh,1920 x 1080 pixel,5 Inch Touch Screen,GSM/EDGE:  850/900/1800/1900,150 (g),Qualcomm Snapdragon 400 1.2GHz Quad Core Cpu,143.93 x 72.46 x 9.98 (mm),2GB RAM,2G:30hr20m/ 3G:22hr6m,e6162e1fcf3df94118f7d6c9f8204743f291f600.jpg
96,129901,Alcatel onetouch Idol 2 Mini S (6036Y),Bluetooth™ 4.0,8 Megapixels,Flash : 8GB,MSM8926 1.2 GHz Quad-Core,2000mAh,960 x 540 pixels  (qHD),4.5 inch display,WCDMA 850/900/2100,116 g(With Std. Battery),MSM8926 1.2 GHz Quad-Core,129.5 X 63.50 X 8.5 mm,RAM : 1GB,Up to 9 hours (2G) / Up to 13 hours (3G),ec8e6cfbfe02d0e7b103e4e4436a24ffcd9d7f15.jpg
97,135068,Nokia Lumia 930 LTE,"4.0 LE, A2DP, EDR","Main camera sensor: 20 MP, PureView",Up to 32GB,Qualcomm Snapdragon™ 800 Quad-core 2.2 GHz,2420 mAh,1920 x 1080 resolution,6.0 inch touch screen,GSM/GPRS/EDGE: 850 / 900 / 1800 / 1900 MHz,167 g,Qualcomm Snapdragon™ 800 Quad-core 2.2 GHz,137 x 71 x9.8 mm,2GB RAM,Up to 930 mins,a58de6ba63e5d33af8ea558e412e430917847d6e.jpg
98,118882,HTC Desire 610,Bluetooth 4.0 with aptX® enabled,"8MP camera with fixed focus, BSI sensor, f/ 2.4,1080p Full HD video recording",Built in 8GB storage,"Qualcomm® Snapdragon™ 400, Quad Core, 1.2GHz",2040 mAh,540 x 960 pixels,4.7 inch  touchscreen,GSM/ GPRS/ EDGE: 850/ 900/ 1800/ 1900 MHz,143.5（with battery）,"Qualcomm® Snapdragon™ 400, Quad Core, 1.2GHz",143.1 x 70.5 x 9.6,1GB RAM,15.8 hours  (3G),3fb06f9b3cf52b0423cf982d0a5544b00d630792.jpg
99,129546,ASUS Zenfone 6,"4.0, A2DP, EDR",13MP f/2.0 with PixelMaster Technology,32GB,Intel® Atom™ Z2580 2.0 GHz Dual Core Processor with Intel Hyper-Threading Technology,3300mAh,720 x 1280 pixel,6 Inch Touch Screen,GSM 850/900/1800/1900,196(g),Intel® Atom™ Z2580 2.0 GHz Dual Core Processor with Intel Hyper-Threading Technology,166.9 x 84.3 x 9.9 (mm),2GB RAM,Up to 28 hours,05c3efda75d5bd976982605617685b3edc2fd67c.jpg
100,118340,Samsung GALAXY Grand 2 (G7105),4.0,8 Mega-pixel Auto Focus Camera,8GB,1.2GHz Quad Core Processor,2600mAh,1280 x 720,5.25 inch HD,FDD-LTE (800/850/900/1800/2100/2600MHz),N/A,1.2GHz Quad Core Processor,N/A,RAM: 1.5GB,N/A,d41ab51cbc121276da24000b2472102e1e7c0533.jpg
101,111180,AKAI A288,Bluetooth™ 4.0,8 Megapixels,Flash: 8GB,MTK 6592 1.7 GHz 8-Core,2000mAh,1280 x 720 pixels,5 inch display,WCDMA 850/2100,136.30 g(With Std. Battery),MTK 6592 1.7 GHz 8-Core,144.5 X 70.4 X 7.9 mm,RAM: 1GB,GSM/ UMTS: Up to 6 / 8 hours,9e1ed3d9f9315aa438b60a7d5a0e52958c96d107.jpg
102,118278,Samsung GALAXY K Zoom  (C1150),v4.0 with A2DP and AVRCP,20.7 Mega Pixel Main camera,8GB,Hexa-Core (Dual 1.7GHz + Quad 1.3GHz),2430 mAh,720 x 1280,4.8 inch,LTE (800/900/1800/1900/2100/2600),200g,Hexa-Core (Dual 1.7GHz + Quad 1.3GHz),137.5 (long) x 70.8 (wide) x 20.2 (deep) mm,2GB RAM,14 hours (3G),47542be2599e43613cda76405b174717a75187a0.jpg
103,110298,AKAI A890,Bluetooth™ 4.0,5 Megapixels,Flash：4GB,MTK 6582 1.3 GHz Quad-Core,2600mAh,960 x 540 pixels,5.5 inch display,WCDMA 850/2100,169.80 g(With Std. Battery),MTK 6582 1.3 GHz Quad-Core,156.70 X 77.50 X 8.35 mm,RAM : 1GB,GSM/ UMTS: Up to 6 / 10 hours,bdb7ed6b4373b3f4aad6634918a72e09566bdede.jpg
104,110295,Sony Xperia™ M2,Bluetooth™ 4.0,8 MP,Flash：8 MB,1.2 GHz Qualcomm Quad Core Processor,2300mAh,540 x 960pixels,4.8 inch display,"UMTS HSPA+ 900 (Band VIII), 850 (Band V), 2100 (Band I) MHz",148 g,1.2 GHz Qualcomm Quad Core Processor,139.65 x 71.14 x 8.64  mm,RAM: 1 GB,11 hours 14 minutes (2G) / 12 hours 2 minutes (3G),bc13a7059e6bcc3a07a1bca69a30e2e247e38cb2.jpg
105,102413,Nokia 220 Dual SIM,Support 3.0,2.0MP,Up to 16MB,N/A,1100 mAh,QVGA 240 x 320 pixels,2.4 inch,GSM/GPRS/EDGE: 900/1800 MHz,83.4 g,N/A,116.4 X 50.3 X 13.2 mm,Up to 8MB,Up to 900 mins (2G),746342b06c110edf00377696a26ff1a31bce385f.jpg
106,104240,Sony Xperia™ Z1 Compact,Bluetooth™ 4.0,20MP Sony Exmor RS for mobile with 1/ 2.3 inch CMOS sensor,16MB,2.2 GHz Qualcomm MSM8974 Quad Core Processor,2300mAh,1280 x 720 pixels,4.3 inch,"LTE (Bands 1, 2, 3, 4, 5, 7, 8, 20)",137 g,2.2 GHz Qualcomm MSM8974 Quad Core Processor,127 x 64.9 x 9.5 mm,2GB,10 hours (2G) / 18 hours (3G),daeb72d4f939d77f707a6bd7db1187cfb0f9ef32.jpg
107,105863,LG G2 Mini,BT 4.0 BLE,8MP,4GB,Quad-core 1.2GHz Qualcomm,2440 mAh,960 x 540 pixels,4.7 inch,LTE 900/1800/2100/2600MHz,121g,Quad-core 1.2GHz Qualcomm,129.6 x  66.0 x 9.8,8GB ROM / 1GB RAM,Up to 12 hrs (2G) / 17 hrs (3G),fe31368125fc48f7c427bf851bab23c9a0658f78.jpg
108,107426,AKAI A280,Bluetooth™ 4.0,5 Megapixels,Flash: 4GB,MTK 6582 1.3 GHz Quad-Core,2200mAh,960 x 540 pixels (QHD）,5 inch display,WCDMA 850/2100,154 g(With Std. Battery),MTK 6582 1.3 GHz Quad-Core,145 X 74 X 8.9 mm,RAM: 1GB,GSM/ UMTS: Up to 6 / 9 hours,e2c304a4841371eb5f4506f73d8105fc025a0342.jpg
109,98960,Lenovo™ A859,Bluetooth™ 3.0,8 Megapixels,8 GB,MTK 6582 1.3 GHz Quad-Core,2250mAh,1280 x 720 pixels,5 inch display,WCDMA 900/2100,162 g,MTK 6582 1.3 GHz Quad-Core,142 x 72.5 x 9.15 mm,1 GB,GSM/ UMTS: Up to 7.5/10 hours,d41a01f44826535641f9869d94f0461c71d2dbeb.jpg
110,97426,Xiaomi MI3,BT4.0,13.0MP CMOS Camera,16GB ROM,Qualcomm Snapdragon800 Quad Core 2.3GHz,3050 mAh,1920x1080 FULL HD/ 441 PPI,5.0 inch Full-HD IPS Display,GSM850/900/1800/1900 MHz,145 g,Qualcomm Snapdragon800 Quad Core 2.3GHz,144 x 73.6 x 8.1mm,2GB RAM,"WCDMA  25 hours, GSM 25 hours",3744d3458465e556527afa55105d5fd9e90b4f21.jpg
111,98800,Sony Xperia™ T2 Ultra,Bluetooth™ 4.0,13 Megapixels,8 GB,Quad Core 1.4 GHz Qualcomm Snapdragon,3000mAh,1280 x 720 pixels,6 inch,LTE 2600/ 2100/ 1800/ 900/ 850/ 800 MHz,171.7 g,Quad Core 1.4 GHz Qualcomm Snapdragon,165.2 x 83.8 x 7.65mm,1 GB,UMTS：Up to 24 hours,7163680d1f8f48b14434d0e77902ad127f0ab3fd.jpg
112,96500,LG G Pro 2,BT 4.0 BLE,13MP OIS,16GB,Quad-core 2.3GHz Qualcomm  Adreno 330,3200 mAh,1920 x 1080 pixels,5.9 inch,LTE 1800/2600MHz,172,Quad-core 2.3GHz Qualcomm  Adreno 330,157.9 x 81.9 x 8.3,3GB,Upto 8 hrs (2G) / 14 hrs (3G),5085fc13123767ea615dacc3f6b4e69cc9cd5c19.jpg
113,94784,Lenovo™ K910L,Bluetooth™ 4.0,13.0 Megapixels,16GB,N/A,3000mAh,1920 x 1080 pixels,5.5 display (440 ppi),"LTE 850/1800/2100; UMTS 850/900/1900/2100
GSM 850/900/1800/1900",147g,N/A,77.6 x 149.7 x 7.9mm,2GB,GSM/ UMTS: Up to 24/14 hours,c9037bceb11b844c0c05ddd5db094d2641cdb25b.jpg
114,91139,Xiaomi Redmi,BT3.0HS + BT4.0 LE,8MP BSI Camera,4GB ROM,MTK MT6589T Quad Core 1.5GHz,2000mAh,1280 x 720/ 312 PPI,4.7-inch IPS Retina Display,"GSM/900/1800/1900 MHz,",158 g,MTK MT6589T Quad Core 1.5GHz,137 x 69 x 9.9mm,1GB RAM,"WCDMA  420mins, GSM 360mins",8d34c77dfba7fa138f786135b406d56bf9e23366.jpg
115,94460,Ucan MJ,Bluetooth™ 4.0,13 Megapixels,32GB Flash,N/A,3200mAh,1920 x 1080 pixels,5.85 inch display,"LTE Band 2600 /1800 MHz（band1 2100M，band3 1800M，band7 2600M，band8 900M）;
WCDMA 2100 /1800 /900 MHz
GSM850/900/1800/1900",198 g,N/A,158 x 80 x 9.7mm,2GB RAM,20 hours (3G),1be3c4d23575c45c8599131ba7a3f25dccab2ab5.jpg
116,91949,SUGAR 1 (SS129),Bluetooth™ 4.0,13 Megapixels,"RAM: 2GB
Flash: 32MB",Quad Core 1.5GHz,2350mAh,1920 x 1080 pixels,5,"GSM 850/900/1800/1900
WCDMA 900/2100",152G,Quad Core 1.5GHz,144 x 72.5 X 8.2MM,N/A,GSM/ UMTS: Up to 16/10 hours,e2c5714faa22cc16ab2109a448de36b5060e395b.jpg
117,94060,Samsung GALAXY Grand Neo (I9060),"BT 4.0 LE (A2DP,AVRCP,GAP,HFP,OPP,SAP,SPP,HID)",5.0 MP,8GB ROM,N/A,2100mAh,480 X 800,5.01,UMTS (900/2100 MHz) + GSM (850/900/1800/1900 MHz),163g,N/A,143.7(L) x 77.1(W)x 9.6(D),1GB,Upto 11 hrs (3G),d7e4963963af31648828c6914877162242503eaa.jpg
118,89709,Nokia Lumia 1320 LTE,"4.0 LE, A2DP, EDR",5.0MP camera with auto focus,Up to 8GB,Qualcomm Snapdragon™ S4 Dual-core 1.7 GHz,3400 mAh,1280 x 720 resolution,6.0 inch touch screen,GSM/GPRS/EDGE: 850 / 900 / 1800 / 1900 MHz,220g,Qualcomm Snapdragon™ S4 Dual-core 1.7 GHz,164.25 (L)x 85.9 (W) x 9.79 (D),1GB RAM,Up to 1260 mins,e39dfedf6c2e7d2092d00ad2b854bea8ee527196.jpg
119,88777,Samsung GALAXY Golden (i9235),V4.0 (A2DP/AVRCP),8.0 Mega-pixel AF Camera  with LED Flash,16GB ROM,N/A,1820mAh,480 x 800,3.7,LTE (900/1800/2600MHz) + UMTS(1900/2100MHz)+GSM (900/1800MHz),179g,N/A,118 (L) x 59.5(W) x 15.8(D),1.5GB,Upto 11 hrs (3G),96ac4cb944fe00b938420ad9f32d0d6093235bba.jpg
120,88258,LG G Flex,N/A,13MP,32GB,N/A,3500 mAh,1280 x 720,6 inch,"LTE 1800/2600 MHz, WCDMA 900/2100 MHz, GSM 900/1800/1900 MHz",177g,N/A,160.5(L) x 81.6(W) x 8.7(D),2GB,Upto 9.5 hrs (2G) / 13.5 hrs (3G),98bbf176b3e9d97b93f08ac95cdd24e452e699ec.jpg
121,88597,Nokia Lumia 525,"4.0 LE, A2DP, EDR",5MPix Auto-Focus Camera,up to 8 GB,Qualcomm® 1.0 GHz Dual Core,1430mAh,WVGA 800 x 480 pixel,4.0,"GSM/GPRS/EDGE: 850/900/1800/1900 MHz

HSPA/WCDMA: 900/2100 MHz",124 g,Qualcomm® 1.0 GHz Dual Core,119.9(L) x 64(W) x 9.9(D),1GB RAM,Up to 636 mins,2cb9dadc63482b7d3b6c3290bcf7e00e03c05a81.jpg
122,88213,Lenovo™ S930,Bluetooth™ 3.0,8.0 MP,8GB,MTK 6582 1.3GHz Quad Core Processor,3000mAh,1280 x 720 pixels （245ppi）,6 inch,WCDMA 2100Mhz /900Mhz  GSM900/1800Mhz/1900Mhz,170g,MTK 6582 1.3GHz Quad Core Processor,170(L)x6.5(W)x8.65(D),1GB,UMTS: Up to 10 hours   GSM/GPRS: Up to 14 hours,961c0186aa5cbc640f87bcf62690942a7ca2d7ad.jpg
123,86121,Samsung GALAXY Express 2 (G3815),V4.0 (A2DP/AVRCP),5.0 Mega-pixel AF Camera,8GB,N/A,2100mAh,qHD (960 x 54),4.5,"FDD-LTE (800/900/1800/2600MHz) 
WCDMA (850/900/2100MHz)+GSM (850/900/1800/1900MHz)",134.2,N/A,132.44(L) x 65.76(W) x 9.8(D),1.5 GB,Upto 11 hrs (3G),94795597905e8cb5866953055f158bb4add27b66.jpg
124,84438,Samsung GALAXY Trend Lite (S7392),V4.0 (A2DP/AVRCP),3.0 Mega-pixel Camera,N/A,N/A,1500mAh,WVGA (480x800),4,"Dual SIM Smartphone
SIM 1 UMTS (900/2100 MHz) + GSM (850/900/1800/1900 MHz)
SIM 2 UMTS (900/2100 MHz) + GSM (850/900/1800/1900 MHz)",126,N/A,121.5(L)x63.1(W)x 10.85(D),512MB,up to 8 hrs (3G),e2d10cbb1011f57ad4951977c0a82b76618d1b8f.jpg
125,84658,Samsung GALAXY Note 10.1 2014 Edition,V4.0 (A2DP/ AVRCP/ HFP/ HSP/ HID),8 Mega-pixel Auto Focus camera,N/A,N/A,8220mAh,2560x1600 pixel,10.1 inch,"FDD-LTE (800/850/900/1800/2100/2600MHz)
WCDMA (850/900/1900/2100MHz) + GSM (850/900/1800/1900MHz)",547,N/A,243.1(L) x 171.4(W) x 7.9(D),3GB,Upto 40 hrs (3G),5c8586fa441cf3d741f7d35ff2aee2998e67d049.jpg
126,3021,ASUS PadFone Infinity,"Support4.0, A2DP, EDR","13MP Sony BSI Sensor, f/2.0 Aperture, 5-element lens, auto focus",up to 64GB,Qualcomm® Snapdragon™ 600 Quad-core CPU (running at 1.7GHz),2400 mAh,1920 x 1080 pixels,5.0 inch touch screen,GSM/GPRS/EDGE: 850 / 900 / 1800 / 1900 MHz,Handset : 145g,Qualcomm® Snapdragon™ 600 Quad-core CPU (running at 1.7GHz),143.5 x 72.8 x 8.9mm,2GB RAM,Up to 19 hours (3G),81cff1b9c9c727dd7a2d5980ea851e911da7be7a.jpg
127,4784,Samsung Galaxy SII Plus,"V4.0Support A2DP, AVRCP",8.0M,8GB,1.2GHz Dual-core Processor,1650mAh,480 x 800 pixels,4.3,UMTS (850/900/1900/2100 MHz) + GSM (850/900/1800/1900 MHz),121,1.2GHz Dual-core Processor,125.3 (L) x 66.1 (W) x 8.49 (D) mm,1GB RAM,"up to 850 mins (2G), up tp 540 mins (3G)",144709f80f2372599985aa16ba1e276b4eec1f18.jpg
128,81201,Nokia Lumia 1520,"4.0, A2DP, EDR","Main camera sensor: 20 MP, PureView",Up to 32GB,Qualcomm Snapdragon™ 800 Quad-core 2.2 GHz,Build in Battery,1920 x 1080 resolution,6 inches Clear Black IPS touch screen,GSM/GPRS/EDGE: 850 / 900 / 1800 / 1900 MHz,209,Qualcomm Snapdragon™ 800 Quad-core 2.2 GHz,162.8 x 85.4 x 8.7 mm,2GB,Up to 1506 mins,c7f0992791be25b99e93df73327a79793a9ed690.jpg
129,9175,Huawei Ascend P2 LTE,Bluetooth 4.0+EDR,1300萬像素自動對焦相機,16GB,Quad-core 1.5 GHz,2420mAh,1280 x 720,4.7,"LTE (800/1800/2100/2600MHz)
UMTS (900/2100MHz)",122,Quad-core 1.5 GHz,136.2 mm x 66.7 mm x 8.4 mm,1GB RAM,16.7小時(2G) ; 12.7小時(3G),f7e70c632d31fd1041b254c3a73784eaf1ea5a4f.jpg
130,6561,Samsung GALAXY Note II,V4.0 Support (aptX),8.0M,16GB,Quad core,"3,100mAh",1280 x 800 pixels,5.55,UMTS (850/900/1900/2100MHz) + GSM (850/900/1800/1900MHz),180g,Quad core,151.1 x 80.5 x 9.4 mm,2GB RAM,"up to 26 hrs (2G), up to 13.5 hrs (3G)",354de91e313e2e9f92c6ca8d971d17ad3c2d4d48.jpg
131,9380,MEIZU MX2 (16GB),V4.0,8.0M BSI Lens,16GB ROM,1.6GHz Cortex-A9 Quad Core,1800 mAh,"800 x 1280 pixels(WXGA) ,347PPI",4.4,GSM  900 / 1800 WCDMA 2100,142g,1.6GHz Cortex-A9 Quad Core,124.9 (L) x 64.9 (W) x 10.2 (D) mm,2GB RAM,WCDMA up to 600 mins / GSM up to 780 mins,f887811a361169791f70652fe2db74133e69bd28.jpg
132,9584,MEIZU MX2 (32GB),V4.0,8.0M BSI Lens,32GB ROM,1.6GHz Cortex-A9 Quad Core,1800 mAh,"800 x 1280 pixels(WXGA) ,347PPI",4.4,GSM  900 / 1800 WCDMA 2100,142g,1.6GHz Cortex-A9 Quad Core,124.9 (L) x 64.9 (W) x 10.2 (D) mm,2GB RAM,WCDMA up to 600 mins / GSM up to 780 mins,53675bd58931159a31f2687853f3e11655027e42.jpg
133,17094,Samsung GALAXY S4,"V4.0Support A2DP, AVRCP",13.0M,16GB,Exynos5 1.6GHz quad-core +1.2GHz quad-core,2600mAh,1920x1080 pixels,5,LTE (800/1800/2600MHz) + UMTS (850/900/2100MHz) + EDGE/GSM (850/900/1800/1900MHz),130g,Exynos5 1.6GHz quad-core +1.2GHz quad-core,136.6 x 69.8 x 7.9 毫米,Support2GB RAM,up to 17 hrs (3G),48d9f31c9ae75d58aa4602562d0c2d73807dab28.jpg
134,29847,Huawei Ascend P1 LTE,Support,8.0M,4GB,1.5GHz Dual core,1670mAh,960 x 540,4.3 inches,HSPA/LTE,135g,1.5GHz Dual core,9.9mm x 132.5mm x 65.4mm,1GB,9 hours (2G) / 10 hours (3G) / 10 hours (LTE),bd650a18068d9194bce05b836dbbbe9d4cc44e8c.jpg
135,11601,Nokia C2-01,"Support, Stereo Bluetooth (A2SP), Bluetooth 2.1 EDR",3.2MP,60MB Built-in memory,N/A,1020 mAh,320 x 240 pixels(QVGA),2.0 inches,GSM/EDGE 850/900/1800/1900;,89g,N/A,109.6 x 46.9 x 14.6mm,N/A,Up to 270 mins,6b0fa456c85f30db1f24ba53f5802672101d855e.jpg
136,30114,LG Optimus G,V4.0,1300M,32GB ROM,Qualcomm Snapdragon S4 Pro 1.5GHz Quad-Core Processor,2100 mAh Li-Polymer,768 x 1280 pixels,4.7 inch,LTE:   LTE: 800/900/1800/2100/2600 MHz & UMTS 900/2100 MHz,145g,Qualcomm Snapdragon S4 Pro 1.5GHz Quad-Core Processor,131.9x 68.9 x 8.5 mm,2GB RAM,15/13 hrs (2G/3G),617a19cc94e89284db2e4818c8b3612bd5bd882d.jpg
137,29901,LG Optimus F5,SupportV4.0,500M,8GB ROM,MSM8960 1.2 GHz Dual-Core,Standard battery Li-Ion 2150 mAh,540 × 960 pixels,4.3-inch qHD,LTE (800/1800/2600MHz),131g,MSM8960 1.2 GHz Dual-Core,126.04 × 64.46 ×9.3mm,1GB RAM,up to 12 hrs (2G); up to 8 hrs (3G),1944d2f2e859dca8c09ea58b18668028882295de.jpg
138,29795,Huawei Ascend Y210,Support,2.0MP FF Camera,512MB,Qualcomm 1 GHz,1700mAH,480 x 320 (HVGA),3.5 inches,HSDPA,120g(with battery),Qualcomm 1 GHz,117 x 62 x 12.6 mm,256MB,"560 mins (2G), 760 mins (3G)",b551c386655a4012b809aab88b3e7c5272d69df1.jpg
139,30358,Samsung Galaxy Pocket Plus,Not Support,2.0M,N/A,850MHz Processor,1200mAh,240 x 320  pixels,2.8 inch,UMTS (900/ 2100 MHz) + GSM (850/ 900/ 1800/ 1900 MHz),97.2g,850MHz Processor,104.9 (L) x  57.9  (W) x 11.98  (D) mm,512MB,Up to 17 hr (2G); Up to 5.6 hr (3G),36fbe20fddab16fe90b7f354a10fc02ffe7a12e7.jpg
140,30300,Nokia Lumia 720,"Support3.0, A2DP, EDR",6.7 megapixal Zeiss optics with auto focus,Support (Up to 8GB),"Qualcomm® S4 1.0 GHz, Dual Core","2,000 mAh",480 x 800 pixels,4.3 inch,GSM/GPRS/EDGE: 850 / 900 / 1800 / 1900 MHz,N/A,"Qualcomm® S4 1.0 GHz, Dual Core",127.9  (L) x 67.5 (W)x 9 (D) mm,512MB RAM,Up to 804 mins,05085007755f8e73f8f02bf30bcf49f0f7eeb708.jpg
141,30411,Sharp SH930W,V4.0,8.0M,32GB ROM,N/A,N/A,1920 x 1080 pixels(TFT),5.0 inch,GSM 850 / 900 / 1800 / 1900 UMTS 900/1900/2100,144.8g,N/A,138.9 (L) x 71.5 (W) x 9.1 (D) mm,2GB RAM,WCDMA up tp 480 mins / GSM up to 840 mins,02d077c258cfe671f6aa8787a4ad245aea74bcf5.jpg
142,30510,Sharp SH837W,V4.0,8.0M,4GB ROM,N/A,N/A,"720 x 1280 pixels(TFT), 314ppi",4.7 inch,GSM 850 / 900 / 1800 / 1900 CDMA 900/2100,137g,N/A,133.9 (L) x 67.6 (W) x 8.9 (D) mm,1GB RAM,WCDMA up to 427 mins / GSM up to 550 mins,7252d70a454ab3e9bada17252b2cdf753ba8a1f1.jpg
143,30813,Samsung GALAXY S4 Zoom,Support Bluetooth 4.0 with A2DP and AVRCP,1600萬像素自動對焦相機,8GB,Dual Core 1.5GHz,2330mAh,960 x 540 pixels,4.3 inch,WCDMA (850/900/1900/2100 MHz) + GSM (850/900/1800/1900 MHz),208g,Dual Core 1.5GHz,125.5 x 63.5 x 15.4 mm,1.5GB RAM,13 hours (3G),6796d62af744431c4d47b963336dda5d15a595cc.jpg
144,31116,Sony Xperia™ Z Ultra (HSPA),Support Bluetooth 4.0,8.0 MP Sony Exmor™ RS for mobile,Up to 16GB,2.2 GHz 四核心Qualcomm Snapdragon 800處理器,3000mAh,1920 × 1080 pixels,6.44 inch,"UMTS/HSPA+ 850, 900, 1700, 1900, 2100 MHz; GSM/GPRS/EDGE 850, 900, 1800, 1900MHz",212g,2.2 GHz 四核心Qualcomm Snapdragon 800處理器,179.4 × 92.2 × 6.5 mm,2GB RAM,11 hours (GSM);14hours (UMTS),cb93a45a0325dfffe725cf64f6d5d810c81d033d.jpg
145,52905,MEIZU MX3 (64GB),Support V4.0,8 mega-pixels back-illuminated camera,64GB,Exynos 5410 Octa-core application processor (A15 Quad 1.6GHz + A7 Quad 1.2GHz),2400mAh,1800X1080 ( 415PPI),5.1 inches,"GSM 850/900/1800 MHz, WCDMA 850/2100 MHz",143g,Exynos 5410 Octa-core application processor (A15 Quad 1.6GHz + A7 Quad 1.2GHz),139 × 71.9 ×9.1mm,2GB RAM,"WCDMA 840mins, GSM 720mins",69c232a6476c2c030bc6fc06342c2a92a3f09135.jpg
146,31692,Sony Xperia Z Ultra (LTE),Support Bluetooth 4.0,800 萬像素Sony Exmor™ RS for mobile影像感測器,Up to 16GB,2.2 GHz 四核心Qualcomm Snapdragon 800處理器,3000mAh,1920 x 1080 pixels,6.44 inch,LTE 2600/ 2100/ 1900 / 1800/ 1700 /900/ 850/ 800 MHz; UMTS/HSPA+  2100/ 1900/ 1700/ 900/ 850 MHz; GSM/GPRS/EDGE 850/ 900/ 1800/ 1900MHz,212g,2.2 GHz 四核心Qualcomm Snapdragon 800處理器,179.4 x 92.2 x 6.5 mm,2GB RAM,UMTS網絡通話時間：最長達14小時; GSM/GPRS網絡通話時間：最長達11小時,925133c9e05e7bf481fdc4221fcb6505744f3ac9.jpg
147,31163,Nokia Lumia 925,"Support3.0, A2DP, EDR",870萬像素蔡司光學鏡頭具備自動對焦，PureView 和光學影像穩定技術; F2.0 光圈和 26mm 鏡頭,Up to 16GB,"Qualcomm® S4 1.5 GHz, Dual core",2000mAh,768 x 1280 pixels,4.5 inch,GSM/GPRS/EDGE: 850 / 900 / 1800 / 1900 MHz,139g,"Qualcomm® S4 1.5 GHz, Dual core",129 x 70.6 x 8.5 mm,1GB RAM,至長可達760分鐘,3ddadec96f04741a6b44a18148ba3e6aaf4fed6e.jpg
148,72341,Samsung GALAXY ACE III LTE,V4.0 (A2DP/AVRCP),5.0 Mega-pixel AF camera,8GB ROM,1.2GHz Dual Core Processor,1800mAh,WVGA (480 x 800 pixels),4.0 inch,FDD-LTE (800/900/1800/2600MHz),119.8g,1.2GHz Dual Core Processor,121.2 (L) x 62.7(W) x 10(D),1GB,Up to 10 hrs (3G),7ac3480f21cb2edb3939c5b43a6e083636974aa0.jpg
149,52437,Sony Xperia™ Z1,Support Bluetooth™ 4.0,20.7M (with Sony Exmor™ RS for mobile CMOS sensor),Up to 16 GB (Support SDXC),Snapdragon 800 2.2Ghz Quad-Core Processor,3000mAh,1920 x 1080 pixels（441ppi）,5 inches,LTE 2600/ 2100/ 1900 / 1800/ 1700 /900/ 850/ 800 MHz,170g,Snapdragon 800 2.2Ghz Quad-Core Processor,144 (L) x 74 (W) x 8.5 (D),2GB RAM,UMTS：Up to 15 hours GSM/GPRS：Up to13.8 hours,ae1232474ad99162cad9fcc9d61e7fa6c4c8c380.jpg
150,57849,HTC One max,"aptX™ technology Bluetooth 4.0, A2DP",HTC UltraPixel Camera,Up to 16GB,Qualcomm ® Snapdragon™ 600 Quad-core 1.7 GHz,"3,300 mAh","1,080 x 1,920 pixels",5.9 touchscreen,EDGE/GPRS/GSM :850/900/1800/1900 MHz,217g,Qualcomm ® Snapdragon™ 600 Quad-core 1.7 GHz,164.5 x 82.5 x 10.29mm,2GB RAM,Up to 25 hours (WCDMA),f6cc7f4d75c2b1cfa7d6296e9e2aac588c3dd90a.jpg
151,53118,ASUS The New Padfone Infinity + P05 Docking,"Support 4.0, A20P,EDR","13MP Sony BSI Sensor, f/2.0 with PixelMaster Technology",32GB,Qualcomm® Snapdragon™ 800 Quad-core CPU (running at 2.2GHz),"2,400mAh Phone (A86)",1920 × 1080 pixel- Phone (A86),5 Inch Touch Screen - Phone (A86),GSM/GPRS/EDGE: 850 / 900 / 1800 / 1900 MHz,Support,Qualcomm® Snapdragon™ 800 Quad-core CPU (running at 2.2GHz),143.5 × 72.8 × 8.9（mm）- Phone (A86),2GB RAM,Up to 19 Hours (3G),37d912cf502264413562a0754d8df6a0d5b1a06d.jpg
152,53291,ASUS The New Padfone Infinity,"Support 4.0, A2DP, EDR","13MP Sony BSI Sensor, f/2.0 with PixelMaster Technology",64GB,Qualcomm® Snapdragon™ 800 Quad-core CPU (running at 2.2GHz),"2,400mAh Phone (A86)",1920 × 1080 pixel- Phone (A86),5 Inch Touch Screen - Phone (A86),GSM/GPRS/EDGE：850 / 900 / 1800 / 1900 MHz,145(g) -Phone (A86),Qualcomm® Snapdragon™ 800 Quad-core CPU (running at 2.2GHz),143.5 x 72.8 x 8.9(mm) – Phone (A86),2GB RAM,Up to 19 Houre (3G),426711790a2903e06350fd4c79b675b1cb6a0f13.jpg
153,51919,LG G2,Support Bluetooth 4.0 BLE,13 MP,32GB,Snapdragon 800 2.3Ghz Quad-Core Processor,"Standard battery, 3000 mAh (Li-Po)",1920 x 1080 pixels,5.2 inch,2G Network  - 850/900/1800/1900 MHz,143g,Snapdragon 800 2.3Ghz Quad-Core Processor,138.5 (L) x 70.9(W) x 9.1(D),2GB RAM,Up to 16.5 hrs (2G) / Up to 17.5 hrs (3G),7edb18ec104ef4d4545c02cd59f5b86031fdc8ff.jpg
154,51721,Sony Xperia™ Z Ultra 4G LTE+,Support Bluetooth 4.0,8.0 MP Sony Exmor™ RS for mobile,Up to 16GB,2.2 GHz Quad-core Snapdragon 800,3000mAh,1920 x 1080 pixels,6.44 inch,LTE 2600/ 2100/ 1900 / 1800/ 1700 /900/ 850/ 800 MHz,212g,2.2 GHz Quad-core Snapdragon 800,179.4 x 92.2 x 6.5 mm,2GB RAM,UMTS：Up to 14 hours GSM/GPRS：Up to 11 hours,5c70db1c26bb381134c5a34fca2f232882e4a549.jpg
155,52327,Nokia Lumia 1020,"Support Bluetooth 3.0, A2DP, EDR","Main camera sensor: 41 MP, PureView",up to 256MB,Qualcomm Snapdragon™ S4 Dual Core 1.5 GHz,2000 mAh,768 x 1280 pixels,4.5 inch,GSM/GPRS/EDGE: 850 / 900 / 1800 / 1900 MHz,158g,Qualcomm Snapdragon™ S4 Dual Core 1.5 GHz,130.4 (L) x 71.4 (W) x 10.4 (D),up to 64MB,Up to 798 mins,215e360687be7f26cd9c4d4fed9a087ee823696a.jpg
156,21054,Samsung GALAXY S4 LTE,"V4.0Support A2DP, AVRCP",13.0MP,16GB,Qualcomm 1.9GHz Quad Core processor (4G),2600mAh,1920x1080 pixels,5,LTE (800/1800/2600MHz),130g,Qualcomm 1.9GHz Quad Core processor (4G),136.6 (L) x 69.8 (W) x 7.9 (D) mm,Support2GB RAM,up to 17 hrs (3G),342789bc0c64b3659929b62b0ba847f061bb9814.jpg
157,52355,MEIZU MX3 (32GB),Support V4.0,8 mega-pixels back-illuminated camera,32GB,Exynos 5410 Octa-core application processor (A15 Quad 1.6GHz + A7 Quad 1.2GHz),2400mAh,1800X1080 ( 415PPI),5.1 inches,GSM 850/900/1800 MHz,143g,Exynos 5410 Octa-core application processor (A15 Quad 1.6GHz + A7 Quad 1.2GHz),139 × 71.9 ×9.1mm,2GB RAM,"WCDMA 840 mins, GSM 720 mins",9bef10d2da45dbc80de2ca1f722ec833aae53304.jpg
158,31597,BlackBerry Q5,Support Bluetooth 4.0,5MP,8 GB,Dual Core 1.2 GHz Qualcomm MSM8960D,2180mAh,720 x 720 pixels (329PPI),3.1 inch,LTE 2600/1800/900/800 MHz,120g,Dual Core 1.2 GHz Qualcomm MSM8960D,120 x 66 x 10.8 mm,2GB RAM,GSM: up to 10 hours,e78da199e688aab200f78e02241fc2015efbfe3f.jpg
159,29741,ASUS PadFone Infinity + Docking,"Support 4.0, A2DP, EDR","13MP Sony BSI Sensor, f/2.0 Aperture,5-element lens,auto focus,LED flash",64GB,Qualcomm® Snapdragon™ 600 Quad-core CPU (running at 1.7GHz),"2,400mAh - Handset",1920 x 1080 pixels - Handset,5 inch touch screen (Handset),GSM/GPRS/EDGE: 850/900/1800/1900 MHz,145g - Handset,Qualcomm® Snapdragon™ 600 Quad-core CPU (running at 1.7GHz),143.5 x 72.8 x 8.9 mm - Handset,2GB RAM,Up to 19 hours (3G),bc3dc4de437adbcba9eebef94b40ddf683c3d0af.jpg
160,57554,BlackBerry Curve 9320,Bluetooth 2.1,3.2 MP,512 MB eMMC,Tavor MG1 806 MHz,1450mAh,320 x 240  pixel sqVGA,2.44,UMTS (2100/1900/850/800 MHz),103 g,Tavor MG1 806 MHz,109 x 60 x 12.7 mm,512 MB RAM,Up to 7 hours,6c4e0df89a4be44ea1fe6bdb441ccbe71966667f.jpg
161,9637,HTC Butterfly s,"Enable aptX™ technology Bluetooth 4.0, A2DP","- HTC UltraPixel Camera, BSI sensor, Pixel size 2.0 µm, Sensor size 1/3 inch (providing better low-light photographt) F2.0 aperture and 28 mm lens",Support up to 16GB,Qualcomm® Snapdragon™ 600 1.9 GHz Quad-core processor,Support,"1,080 x 1,920 pixels",5 inch touch screen,EDGE/GPRS/GSM : 850/900/1800/1900 MHz,160,Qualcomm® Snapdragon™ 600 1.9 GHz Quad-core processor,144.5 x 70.5 x 10.6mm,2GB RAM,Up to 1500 minutes,7911e670d0a1a160adf0738b13b1aa2fb70a3531.jpg
162,57714,BlackBerry Bold™ 9790,Bluetooth v2.1,5.0 MP,8GB eMMC,Marvel Tavor MG1 1 GHz,1250mAh,N/A,2.45,UMTS (2100/1900/850/800 MHz),107g,Marvel Tavor MG1 1 GHz,110 x 60 x 11.4 mm,768 MB RAM,Up to 5.3 hours,ace27461505f044b25e1d45bed83c3c39f26e14d.jpg
163,119,BlackBerry Z10,Support Bluetooth™ 4.0,8.0M,Flash memory: Up to 16 GB,Dual Core 1.5 GHz Qualcomm MSM8960,1800mAh,1280 x 768 pixels(356ppi),4.2 touch screen,LTE 2600/1800/900/800 MHz,136,Dual Core 1.5 GHz Qualcomm MSM8960,130 x 65.6 x 9,2GB,up to 8 hrs (GSM); up to 10 hrs (UMTS),1b5e94290c0492a7bf9789cd7baead2b9d826337.jpg
164,8037,HTC The new HTC one,"aptX™ technology Bluetooth 4.0, A2DP","- The HTC UltraPixel camera with auto focus, BSI sensor, the pixel size 2.0 µm, the sensor size 1/3 inch (provides better low light photofraphy)",Support (up to 32GB),"Qualcomm® Snapdragon 600, Quad Core, 1.7GHz",2300 mAh,1080 x 1920 pixels,4.7 inch touch screen,EDGE/GPRS/GSM : 850/900/1800/1900 MHz,143g,"Qualcomm® Snapdragon 600, Quad Core, 1.7GHz",137.4 x 68.2 x 9.31mm,2GB RAM,Up to 1140 minutes,1c1f831fcf38fcfd8f49d5066b4f04df5a642680.jpg
165,30916,Huawei Ascend P6,Support,8 MP full HD,8 GB,Quad core 1.5 GHz CPU K3V2+Intel XMM6260,2000mAh,1280 x 720 pixels HD,4.7 inch,GSM (850/900/1800/1900MHz),120g,Quad core 1.5 GHz CPU K3V2+Intel XMM6260,132.65 x 65.5 x 6.18 mm,2GB RAM,Upto 14.5 hrs (3G) / 28.2 hrs (2G),1c849219621b41a8a4ca8964d644f2f75a7768b2.jpg
166,52484,MEIZU MX3 (16GB),Support V4.0,8 mega-pixels back-illuminated camera,16GB,Exynos 5410 Octa-core application processor (A15 Quad 1.6GHz + A7 Quad 1.2GHz),2400mAh,1800X1080 ( 415PPI),5.1 inches,"GSM 850/900/1800 MHz, WCDMA 850/2100 MHz",143g,Exynos 5410 Octa-core application processor (A15 Quad 1.6GHz + A7 Quad 1.2GHz),139 × 71.9 ×9.1mm,2GB RAM,"WCDMA 840 mins, GSM 720 mins",88399b6f3da69ed19593673034b0f0ae127c8216.jpg
167,8914,LG Optimus G Pro,SupportV4.0,1300M,16GB ROM,Snapdragon 600 Quad-Core Processor,3140mAh,1920 x 1080 pixels,5.5,LTE1800/2600 MHz,172g,Snapdragon 600 Quad-Core Processor,150.2 x 76.14 x 9.4 mm,2GB RAM,Up to31 Hr (2G) / Up to 21 hr(3G),f43bc594ddfde299c79a38d4f10a8cdf6ccd2011.jpg
168,31375,Nokia Lumia 625,"Support4.0, A2DP, EDR",5.0 MP with autofocus,Up to 8GB; Free SkyDrive cloud storage 7 GB,"Qualcomm® S4 1.5 GHz, Dual core",2000mAh,400 x 800 pixels,4.7 inch,GSM/GPRS/EDGE: 850 / 900 / 1800 / 1900 MHz,159g,"Qualcomm® S4 1.5 GHz, Dual core",133.25 x 72.25 x 9.2 mm,512MB RAM,Up to 912 mins,54f03c29a9fe0b57083af67cd7dd077d8ca64c17.jpg
169,11183,Nokia Lumia 520,"Support3.0, A2DP, EDR",5MP CMOS camera with auto focus F2.4 aperture and 28mm lens,"Support 64GB
SkyDrive cloud storage provides 7GB","Qualcomm® S4 1.0 GHz, Dual Core",1430 mAh,480 x 800 pixels,4 inch touch screen,GSM/GPRS/EDGE: 850 / 900 / 1800 / 1900 MHz,124g,"Qualcomm® S4 1.0 GHz, Dual Core",119.9 x 64 x 9.9 mm,512MB RAM,Up to 580 mins,acdf73e816aca823cce70440d78b109005e39b18.jpg
170,51761,Nokia 208 Dual SIM,"Support 3.0, A2DP, EDR",1.3MP,up to 256MB,Single core,1020mAh,240 x 320 pixels,2.4 inch display,"GSM/GPRS/EDGE:850/900/1800/1900 MHz
HSPA/WCDMA:  900 / 2100 MHz",90.6 g,Single core,114.2 x 50.9 x 12.8 mm,up to 64MB,"Up to 720 mins (2G), 270 mins (3G)",e2fb1be80e327b5a1218f2a164439e19712feb40.jpg
171,10762,Nokia 301,"Support3.0, A2DP, EDR",3.2MP,256 MB ROM,N/A,"1,200 mAh",320 x 240 pixels,2.4 inch screen,GSM/GPRS/EDGE: 850 / 900 / 1800 / 1900 MHz,102g,N/A,114 (L) x 50 (W)x 12.5 (D) mm,64MB RAM,Up to 1200 mins,9f9132467cc99fb8697ae37d7036edffda1e2a10.jpg
172,9016,Samsung GALAXY Mega,v4.0 (aptX / LE / A2DP/ AVRCP),8MP,16GB,1.7GHz Dual-Core Processor,3200mAh,1280 x 720,6.3,LTE (800/900/1800/2600MHz),199,1.7GHz Dual-Core Processor,167.6 (L) x 88 (W) x 8 (D) mm,1.5GB RAM,"26.5hrs (2G), 17 hrs (3G)",3ea199e655414c38f5215be2e878123197f27166.jpg
173,21226,Samsung GALAXY Note 8.0,V4.0Support (A2DP/ AVRCP/ HFP/ HSP/ HID),5.0MP,16GB,1.6 GHz Quad Core,4600mAh,1024x800 pixels,8 inch,LTE (800/900/1800/2600MHz),340g,1.6 GHz Quad Core,210.8(L) x 135.9(W) x 7.95(D) mm,2GB RAM,up to 28 hrs (2G); 24 hrs (3G),5007cc9eaaecf7cd011e3e7a06fa04a27c5e6c30.jpg
174,11885,Samsung GALAXY Core,V3.0 (A2DP),5.0M with auto focus,8GB ROM,1.2GHz Dual Core Processor,1800mAh,Not Support,4.3,"SIM Slot 1:
UMTS(900/2100)+ GSM（850/900/1800/1900MHz）",120g,1.2GHz Dual Core Processor,129.3 (L) x 67.56 (W) ) x 8.95 (D),1GB RAM,"Up to 14 hrs(2G), Up to 9 hrs(3G)",00c0b11815b80c0ef8e0e4d03ea3f20ab501e918.jpg
175,11958,Samsung GALAXY Express,V4.0 (A2DP/ AVRCP),5.0M with AF,8GB ROM,1.2 GHz Dual-core Processor,2000mAh,WVGA (480 x 800 pixels),4.5,LTE (800/900/1800/2600MHz),137.2,1.2 GHz Dual-core Processor,132.7 (L) x 69.1 (W) x 9.3 (D) mm,1GB RAM,"up to 480 mins (2G), up to 360 mins (3G)",d6774bc7eea32b7484ac9370c775c6b3633f26ce.jpg
176,6173,Samsung GALAXY Note II LTE,SupportV4.0 (aptX),8.0MP,16GB,1.6GHz Quad Core processor,"3,100mAh",1280 x 720 pixels,5.55,LTE (800/900/1800/2600MHz),182g,1.6GHz Quad Core processor,151.1 (L) x 80.5 (W) x 9.45 (D) mm,2GB RAM,"up to 24 hrs (2G), up to 16.5 hrs (3G)",e2ff84c0db222550ef1a99a51eeefead05fa1576.jpg
177,7696,Sony Xperia™ SP,"Support, Bluetooth™ 4.0",8.0M,Flash Memory: Up to 8GB,1.7 GHz Qualcomm MSM8960 Pro dual core,2370mAh,1280 x 720 pixels,4.6 touch screen,"LTE 800, 850, 900, 1800, 2100, 2600 MHz",155,1.7 GHz Qualcomm MSM8960 Pro dual core,130.6 x 67.1 x 9.98,1GB RAM,10 hours 25 minutes (GSM); 18 hours 53 minutes (UMTS),54a5023c65d7e17bf723264842c576b7e2d98c05.jpg
178,9383,Sony Xperia™ ZR,N/A,13.0M,8GB,Quad core,2300Ah,1280 x 720 pixels,4.6 touch screen,"LTE 800, 850, 900, 1800, 2100, 2600 MHz",138,Quad core,131.3 x 67.3 x 10.5 mm,2GB RAM,UMTS: Up to 13 hours;,8dc390f8667ae3fbf446b3983e8307b2fd33e5ef.jpg
179,31644,Sony Xperia™ M,Support Bluetooth 4.0,5.0 mega pixels,4GB,Dual Core 1 GHz Qualcomm MSM8227,1700mAh,854 x 480 pixels,4 inch,"UMTS HSPA+ 900 (Band VIII), 2100 (Band I) MHz; GSM GPRS/EDGE 850, 900, 1800, 1900 MHz",115g,Dual Core 1 GHz Qualcomm MSM8227,124 x 62 x 9.3 mm,1GB RAM,GSM: Up to10 hours 16 minutes; UMTS: Up to 9 hours 3 minutes,3aba86acccf7f8d311e728b9db5601fb8892f409.jpg
180,7865,Sony Xperia™ V,Support,13.0M (with Sony Exmor™ R for mobile CMOS sensor),Flash Memory: Up to 8GB,1.5 GHz Qualcomm MSM8960 dual core,1700mAh,1280 x 720  pixels,4.3 touch screen,"GSM GPRS/EDGE 850, 900, 1800, 1900",120,1.5 GHz Qualcomm MSM8960 dual core,129 x 65 x 10.7,1GB RAM,7 hours (GSM); 7 hours (UMTS),f070b8dba60c6697b8baa0ae3957424378f0b304.jpg
181,7203,Sony Xperia™ Z,"Support, Bluetooth™ 4.0",13.0M (with Sony Exmor™ R for mobile CMOS sensor),Flash Memory: Up to 16GB,Quad-Core 1.5 GHz Qualcomm APQ8064+MDM9215M Adreno 320,2330mAh,1920 x 1080 pixels (443ppi),5 touch screen,"LTE 800, 850, 900, 1800, 2100, 2600 MHz",146,Quad-Core 1.5 GHz Qualcomm APQ8064+MDM9215M Adreno 320,139 x 71 x 7.9,2GB RAM,11 hours (GSM); 14 hours (UMTS),cbe39450bc5da98de6d045d827855823cf925d42.jpg
182,10254,TAG HEUER RACER-Sport Classic Grey,V4.0,5.0M,8GB memory card (insert in Transceiver),Single core,1400mAh,800x 480 pixels(TFT),3.5,"GSM 850 / 900 / 1800 / 1900, WCDMA 800 /900/2100",200,Single core,118 x 67 x 16.6 mm,256MB RAM,Up to 390 mins,5bb860474b266fc0a910f5595717681884686bd5.jpg
183,10710,TAG HEUER RACER-Night Racer Black,V4.0,5.0M,8GB memory card (insert in Transceiver),Single core,1400mAh,800x 480 pixels,3.5,"GSM 850 / 900 / 1800 / 1900, WCDMA 800 /900/2100",200,Single core,118 (L) x 67 (W) x 16.6 (D) mm,256MB RAM,Up to 390 mins,ca63d68056496032ea94aa2dc575cb3dc8290eaf.jpg
